男優,,加藤鷹,http://twitter.com/gold_finger69
男優,,山本竜二,http://twitter.com/yamamoto_ryuji
女優,,愛内久美子,http://twitter.com/AVkumiko
女優,,藍花,http://twitter.com/aica_jasmine
女優,,愛音ミク,http://twitter.com/miku_nyan
女優,,蒼井そら,http://twitter.com/aoi_sola
女優,,青木琴音,http://twitter.com/aoki_kotone
女優,,青木りん,http://twitter.com/rin_aoki108
女優,,青山恭子,http://twitter.com/aoyamakyoko
女優,,青山菜々,http://twitter.com/aoyama77
女優,,藍山みなみ,http://twitter.com/aoyama373minami
女優,,青山ローラ,http://twitter.com/ROOOLA_AOYAMAN
女優,,晶エリー,http://twitter.com/akiraelly
女優,,照沼ファリーザ,http://twitter.com/fanfanfareeza
女優,,朝丘未久,http://twitter.com/asamiku
女優,,浅川涼,http://twitter.com/asakawaryo
女優,,浅葱アゲハ,http://twitter.com/AsagiAgeha
女優,,麻木明香,http://twitter.com/tomoka_asagi
女優,,浅乃ハルミ,http://twitter.com/asanoharumi
女優,,朝日奈あかり,http://twitter.com/asahinaakari
女優,,麻美ゆま,http://twitter.com/asami_yuma
女優,,明日花キララ,http://twitter.com/asukakiraran
女優,,明日菜,http://twitter.com/asuna_av
女優,,麻生 希,http://twitter.com/nozomi_asou
女優,,天海つばさ,http://twitter.com/Amamitsubasa000
女優,,雨宮琴音,http://twitter.com/AmamiyaKotone
女優,,彩音まい,http://twitter.com/ayanemai_sod
女優,,新垣奈々江,http://twitter.com/nanae_ng_av
女優,,有沢実紗,http://twitter.com/arisawa_misa
女優,,杏あづさ,http://twitter.com/andu072
女優,,井川ゆい,http://twitter.com/yuiigawa
女優,,石川鈴華,http://twitter.com/suzukaishikawa
女優,,糸矢めい,http://twitter.com/itoyamei
女優,,今井かのん,http://twitter.com/imaikanon
女優,,今井ひろの,http://twitter.com/imaihirono
女優,,大川純,http://twitter.com/june_ookawa
女優,,大隅恵令奈,http://twitter.com/Osu3e07
女優,,大塚咲,http://twitter.com/saki_otuka
女優,,大槻ひびき,http://twitter.com/hibiki0221
女優,,大川純,http://twitter.com/june_ookawa
女優,,大空かのん,http://twitter.com/kanon321ozora
女優,,大堀香奈,http://twitter.com/kana_ohori
女優,,小川あさ美,http://twitter.com/Asamin_Ogawa
女優,,小倉奈々,http://twitter.com/ogura_nana
女優,,小澤マリア,http://twitter.com/ozawahokkaido
女優,,折原ゆかり,http://twitter.com/yukari_orihara
女優,,風間ルミ,http://twitter.com/RumiKazama
女優,,かすみりさ,http://twitter.com/risa_kasumi
女優,,加藤聖良,http://twitter.com/seira_katoh
女優,,加藤リナ,http://twitter.com/katou_rina
女優,,かなと沙奈,http://twitter.com/kanat0sana
女優,,神咲詩織,http://twitter.com/kamisaki_shiori
女優,,可愛りん,http://twitter.com/rinrinmatane
女優,,菅野しずか,http://twitter.com/ShizukaKanno
女優,,菊美かりん,http://twitter.com/karin_bb
女優,,きこうでんみさ,http://twitter.com/89_HQN
女優,,希崎ジェシカ,http://twitter.com/#!/kizaki_jessica
女優,,希志あいの,http://twitter.com/#!/kishi_aino
女優,,木下あげは,http://twitter.com/kinoshitaxageha
女優,,桐原エリカ,http://twitter.com/erika_1215
女優,,樹林れもん,http://twitter.com/remon_kirin
女優,,暮野ソフィア,http://twitter.com/sophia0112
女優,,栗林里莉,http://twitter.com/kuririn0416
女優,,くるみ,http://twitter.com/kurumi0910
女優,,小桜沙樹,http://twitter.com/sakippo810
女優,,琥珀うた,http://twitter.com/uta0214khk
女優,,小向杏奈,http://twitter.com/komukai_anna
女優,,早乙女らぶ,http://twitter.com/LOVEsaotome
女優,,早乙女ルイ,http://twitter.com/RuiSaotome
女優,,さくらい葉菜,http://twitter.com/punimash
女優,,桜ここみ,http://twitter.com/Cocomi_Sakura
女優,,桜木凛,http://twitter.com/rin0303rin
女優,,佐々木はるか,http://twitter.com/sasaki_haruka
女優,,紗奈,http://twitter.com/sana_1213
女優,,佐山愛,http://twitter.com/AiSayama
女優,,SARAH,http://twitter.com/sarah19911007
女優,,椎名ひかる,http://twitter.com/hikaruuuuuuuu12
女優,,白井ゆきな,http://twitter.com/yukinashirai
女優,,雫パイン,http://twitter.com/shizukupine
女優,,篠原杏,http://twitter.com/shinoharaann
女優,,SHIHO,http://twitter.com/jkshiho
女優,,白咲 舞,http://twitter.com/__maipyon__
女優,,新堂有望,http://twitter.com/yumi7shindou
女優,,鈴木ありす,http://twitter.com/Alice_Suzuki
女優,,鈴木杏里,http://twitter.com/anrisuzuki
女優,,瀬名あゆむ,http://twitter.com/senachanpon
女優,,瀬名りく,http://twitter.com/riku_sena
女優,,芹沢恋,http://twitter.com/seriren_0701
女優,,千堂ゆりあ,http://twitter.com/sendoyuria
女優,,立花さや,http://twitter.com/saya_tachibana
女優,,立花れん,http://twitter.com/renren0801
女優,,辰巳ゆい,http://twitter.com/tatsumiyui
女優,,月島悠里,http://twitter.com/moon_yuuri
女優,,月城まおら,http://twitter.com/maro0716
女優,,月野ひかり,http://twitter.com/hikari0317
女優,,月見栞,http://twitter.com/tsukimishiori
女優,,つくし(大沢つくし),http://twitter.com/tsukushi0701
女優,,椿まひる,http://twitter.com/0928mappy
女優,,翼裕香,http://twitter.com/tsubasa_youka
女優,,友田彩也香,http://twitter.com/tomodaayaka
女優,,中森玲子,http://twitter.com/NakamoriReiko
女優,,夏川亜咲,http://twitter.com/asaki_natsukawa
女優,,夏原カレン,http://twitter.com/natsuharakaren
女優,,七原えり,http://twitter.com/Nanahara77777
女優,,菜菜美ねい,http://twitter.com/nanaminei
女優,,並木優,http://twitter.com/yuuutamu
女優,,成瀬心美,http://twitter.com/coco3n
女優,,仁科百華,http://twitter.com/MOMOchi666
女優,,西野翔,http://twitter.com/showtaro3
女優,,Nina,http://twitter.com/SODstarNina
女優,,乃亜,http://twitter.com/NOA19840112
女優,,野中あんり,http://twitter.com/nonakaanri
女優,,初音みのり,http://twitter.com/hatsune_minori
女優,,羽田あい,http://twitter.com/hanedaai
女優,,原紗央莉,http://twitter.com/saori_hara
女優,,原田明絵,http://twitter.com/akieharada
女優,,春菜はな,http://twitter.com/harunahanadream
女優,,緋咲アンナ,http://twitter.com/annahizaki
女優,,東尾真子(山梨ゆず),http://twitter.com/yamanashiyuzu
女優,,Hitomi（田中瞳）,http://twitter.com/jhitomij
女優,,陽向さつき,http://twitter.com/hinatasatsuki
女優,,姫乃未来,http://twitter.com/iiiiiichigomilk
女優,,藤井シェリー,http://twitter.com/fujiishelly
女優,,藤浦めぐ,http://twitter.com/fujimegu0504
女優,,藤崎クロエ,http://twitter.com/fuzisakichloe
女優,,藤本リーナ,http://twitter.com/fujimoto_riina
女優,,ほしのあすか,http://twitter.com/hoshinoasuka
女優,,星乃せあら,http://twitter.com/hoshino_seara
女優,,ほしのみゆ,http://twitter.com/miyuo5o5
女優,,星優乃,http://twitter.com/hoshi_kun
女優,,堀口奈津美,http://twitter.com/horiguchi723
女優,,舞野まや,http://twitter.com/mainomaya
女優,,眞木あずさ,http://twitter.com/maki_azusa
女優,,ましおるか,http://twitter.com/nakimusi_tsutan
女優,,ましろ杏,http://twitter.com/ann_mashiro
女優,,松下ゆうか（愛乃彩音）,http://twitter.com/coconoayuzu
女優,,松すみれ,http://twitter.com/omatsu_dayo
女優,,まりか,http://twitter.com/buusanntennsann
女優,,マリア エリヨリ,http://twitter.com/mariaeriyori
女優,,三咲恭子,http://twitter.com/misakikyouko
女優,,美咲みゆ,http://twitter.com/miyumisaki
女優,,水沢真樹,http://twitter.com/mizusawamaki510
女優,,水澤りの,http://twitter.com/mizusawarino
女優,,水嶋あい,http://twitter.com/ai_mizushiii
女優,,水嶋かおりん,http://twitter.com/kaorinmizushima
女優,,三橋ひより,http://twitter.com/hiyorin0609
女優,,水元ゆうな,http://twitter.com/MizumotoYuuna
女優,,みづなれい,http://twitter.com/mizunarei
女優,,村上涼子,http://twitter.com/#!/murakamiryoko
女優,,村西まりな,http://twitter.com/marinappe0606
女優,,森下くるみ,http://twitter.com/morishitakurumi
女優,,森谷みう,http://twitter.com/moritanimiu
女優,,安田美樹,http://twitter.com/miki_yasuda
女優,,矢吹杏,http://twitter.com/yabukiann
女優,,山梨ゆず,http://twitter.com/yamanashiyuzu
女優,,you.（中山ユウ）,http://twitter.com/youdotto
女優,,柚本紗希,http://twitter.com/SAKIDESUYO
女優,,横山美雪,http://twitter.com/miyukiyokoyama
女優,,podcast 横山美雪のこんなの初めて,http://twitter.com/yokoyamamiyuki
女優,,吉沢明歩,http://twitter.com/akiho_net
女優,,瑠川リナ,http://twitter.com/rukawa_rina
女優,,若林美保（小室優奈）,http://twitter.com/wakamiho
女優,,相崎真希,http://twitter.com/makiaizaki
女優,,愛葉るび,http://twitter.com/Aiba_Ruby
女優,,紅音ほたる,http://twitter.com/akanehotaru1025
女優,,鮎川なお,http://twitter.com/ayukawanao
女優,,及川奈央,http://twitter.com/nao_0421
女優,,小沢奈穂,http://twitter.com/ozawa_naho
女優,,川奈まり子,http://twitter.com/MarikoKawana
女優,,小坂めぐる,http://twitter.com/kosakameguruda3
女優,,琴乃,http://twitter.com/kotonodesu
女優,,古都ひかる,http://twitter.com/cotorich_ter
女優,,小室友里,http://twitter.com/yuriwan0728
女優,,すぎはら美里,http://twitter.com/SugiharaMiri
女優,,須真杏里,http://twitter.com/suma_anri
女優,,夏目ナナ,http://twitter.com/NatsumeNana
女優,,七原えり,http://twitter.com/Nanahara77777
女優,,西沢優香,http://twitter.com/lumi419
女優,,早坂ひとみ,http://twitter.com/hayasaka_hitomi
女優,,葉山瑠菜,http://twitter.com/runa0114
女優,,松島やや,http://twitter.com/chanha0818
女優,,峰なゆか,http://twitter.com/minenayuka
女優,,みひろ,http://twitter.com/mihiro0519
女優,,望月けい,http://twitter.com/mochizukikei
女優,,安田美樹,http://twitter.com/miki_yasuda1987
女優,,矢沢のん,http://twitter.com/nonyazawa
女優,,結城リナ,http://twitter.com/bjgyuuki