J-POP・メジャー,,相川七瀬,http://twitter.com/nanase_aikawa
J-POP・メジャー,赤い公園,赤い公園,http://twitter.com/akaiko_en
J-POP・メジャー,赤い公園,歌川菜穂,http://twitter.com/u__takos
J-POP・メジャー,赤い公園,佐藤千明,http://twitter.com/310cak
J-POP・メジャー,赤い公園,津野米咲,http://twitter.com/kome_suck
J-POP・メジャー,赤い公園,藤本ひかり,http://twitter.com/hkririri
J-POP・メジャー,,赤羽奈津代(元センチメンタルバス),http://twitter.com/VanecoNuts
J-POP・メジャー,access,浅倉大介,http://twitter.com/daisukeasakura
J-POP・メジャー,アシガルユース,戸渡ジョニー,http://twitter.com/Johnny777777777
J-POP・メジャー,アシガルユース,花盛歩,http://twitter.com/hanawomoru
J-POP・メジャー,ASIAN KUNG-FU GENERATION,伊地知潔,http://twitter.com/kiyoshiakg
J-POP・メジャー,ASIAN KUNG-FU GENERATION,後藤正文,http://twitter.com/gotch_akg
J-POP・メジャー,,AZU,http://twitter.com/AtoZyoU
J-POP・メジャー,,中孝介,http://twitter.com/atarikousuke
J-POP・メジャー,ART-SCHOOL,宇野剛史,http://twitter.com/unochannel_net
J-POP・メジャー,ART-SCHOOL,木下理樹,http://twitter.com/kinoshitariki
J-POP・メジャー,ART-SCHOOL,戸高賢史,http://twitter.com/toddyphantom
J-POP・メジャー,アナログフィッシュ,斉藤州一郎,http://twitter.com/shuichirosaito
J-POP・メジャー,アナログフィッシュ,佐々木健太郎,http://twitter.com/kentaro0223
J-POP・メジャー,A.F.R.O,A.F.R.O,http://twitter.com/afrostaff
J-POP・メジャー,A.F.R.O,AMO,http://twitter.com/twitter.com/amo_afro
J-POP・メジャー,A.F.R.O,SATORU,http://twitter.com/twitter.com/satoru_afro_vo
J-POP・メジャー,A.F.R.O,SHUN,http://twitter.com/shun_afro
J-POP・メジャー,A.F.R.O,NORIYA,http://twitter.com/noriya_afro
J-POP・メジャー,A.F.R.O,MASAYA,http://twitter.com/masaya_afro
J-POP・メジャー,A.F.R.O,UG,http://twitter.com/twitter.com/ug_afro
J-POP・メジャー,A.F.R.O,YUSUKE,http://twitter.com/yusukeafro
J-POP・メジャー,,阿部真央,http://twitter.com/sarageno_maonee
J-POP・メジャー,,APOGEE,http://twitter.com/apogee_official
J-POP・メジャー,APOGEE,内垣洋祐,http://twitter.com/YosukeUchigaki/
J-POP・メジャー,APOGEE,永野亮,http://twitter.com/naganoryo1023
J-POP・メジャー,,amin,http://twitter.com/amin_wu
J-POP・メジャー,,絢香,http://twitter.com/Ayaka_1218
J-POP・メジャー,彩冷える,インテツ,http://twitter.com/himitu_intetsu
J-POP・メジャー,,あらきゆうこ,http://twitter.com/migumusic
J-POP・メジャー,,alan,http://twitter.com/alan725
J-POP・メジャー,,Alice,http://twitter.com/Alice_tweets
J-POP・メジャー,the ARROWS,鵜飼孝治,http://twitter.com/ukachin_tw
J-POP・メジャー,the ARROWS,坂井“CANDY”昌英,http://twitter.com/candy_tw
J-POP・メジャー,the ARROWS,坂井竜二,http://twitter.com/ryujitw
J-POP・メジャー,the ARROWS,山内貴之,http://twitter.com/yamauchitw
J-POP・メジャー,アンダーグラフ,中原一真,http://twitter.com/nakanaka_b
J-POP・メジャー,アンダーグラフ,真戸原直人,http://twitter.com/Matohara_Naoto
J-POP・メジャー,UNDER THE COUNTER,関谷謙太郎,http://twitter.com/utckentalow
J-POP・メジャー,UNDER THE COUNTER,吉村洋平,http://twitter.com/utcyoshimura
J-POP・メジャー,UNCHAIN,UNCHAIN,http://twitter.com/UNCHAINofficial
J-POP・メジャー,UNCHAIN,佐藤将文,http://twitter.com/masafumi_sato
J-POP・メジャー,UNCHAIN,谷川正憲,http://twitter.com/masuo24hours
J-POP・メジャー,UNCHAIN,谷浩彰,http://twitter.com/tanihiroaki
J-POP・メジャー,andymori,小山田壮平,http://twitter.com/oyamadasohei
J-POP・メジャー,ammoflight,ammoflight,http://twitter.com/ammoflight_web
J-POP・メジャー,ammoflight,葛西一茂,http://twitter.com/kasai_kazushige
J-POP・メジャー,ammoflight,久保田庸友,http://twitter.com/ammoflight_Gt
J-POP・メジャー,ammoflight,津久井恒仁,http://twitter.com/ammo_tsukui
J-POP・メジャー,ammoflight,鳥居塚尚人,http://twitter.com/ammoflight_tori
J-POP・メジャー,いきものがかり,水野良樹,http://twitter.com/mizunoyoshiki
J-POP・メジャー,,池田貴史（レキシ、ex.SUPER BUTTER DOG）,http://twitter.com/ekechang
J-POP・メジャー,,諫山実生,http://twitter.com/MioIsayama
J-POP・メジャー,,石川セリ,http://twitter.com/seriishikawa
J-POP・メジャー,,石崎ひゅーい,http://twitter.com/huwie0307
J-POP・メジャー,,泉沙世子,http://twitter.com/sayo1028
J-POP・メジャー,,泉谷しげる,http://twitter.com/izumiyahonnin
J-POP・メジャー,,磯貝サイモン,http://twitter.com/simon_isogai
J-POP・メジャー,15JAM,Rully ,http://twitter.com/15jam_Rully
J-POP・メジャー,,井手綾香,http://twitter.com/ide_ayaka
J-POP・メジャー,,伊藤健太（ex.ゲントウキ）,http://twitter.com/ITO_KEN
J-POP・メジャー,,伊藤祥平,http://twitter.com/itoshohei
J-POP・メジャー,,稲垣潤一,http://twitter.com/inagakiJunichi
J-POP・メジャー,175R,ISAKICK,http://twitter.com/ISAKICK175R
J-POP・メジャー,175R,SHOGO,http://twitter.com/shogo_175R
J-POP・メジャー,THE イナズマ戦隊,上中丈弥,http://twitter.com/jyouya
J-POP・メジャー,THE イナズマ戦隊,久保裕行,http://twitter.com/HIROtheINAZUMA
J-POP・メジャー,,井上ジョー,http://twitter.com/inouejoe
J-POP・メジャー,,依布サラサ,http://twitter.com/nisarasa_wonka
J-POP・メジャー,,illion,http://twitter.com/illion_official
J-POP・メジャー,,In 197666,http://twitter.com/In197666
J-POP・メジャー,In 197666,西勇輔,http://twitter.com/yuckejang
J-POP・メジャー,In 197666,原琢矢,http://twitter.com/haratakuya
J-POP・メジャー,In 197666,三浦明展,http://twitter.com/akinori_miura
J-POP・メジャー,In 197666,森下大輔,http://twitter.com/morisitter
J-POP・メジャー,w-inds.,千葉涼平,http://twitter.com/ryohei_w
J-POP・メジャー,w-inds.,橘慶太,http://twitter.com/winds_keita
J-POP・メジャー,w-inds.,緒方龍一,http://twitter.com/ryu_winds
J-POP・メジャー,,植村花菜,http://twitter.com/uemurakana27
J-POP・メジャー,嘘つきバービー,岩下優介,http://twitter.com/iwashita_yusuke
J-POP・メジャー,,宇多田ヒカル,http://twitter.com/utadahikaru
J-POP・メジャー,,内田裕也,http://twitter.com/UCHIDAYUYA
J-POP・メジャー,,宇徳敬子,http://twitter.com/happywayradio
J-POP・メジャー,ウルフルズ,ウルフルケイスケ,http://twitter.com/usaguitar_
J-POP・メジャー,ウルフルズ,ジョン・B・チョッパー,http://twitter.com/sleep_john_b
J-POP・メジャー,ウルフルズ,トータス松本,http://twitter.com/tortoiseshout
J-POP・メジャー,ECHOES,辻仁成,http://twitter.com/TsujiHitonari
J-POP・メジャー,X JAPAN,Yoshiki,http://twitter.com/YoshikiOfficial
J-POP・メジャー,,大江千里,http://twitter.com/1000hometown
J-POP・メジャー,OGRE YOU ASSHOLE,出戸学,http://twitter.com/detomanabu
J-POP・メジャー,,大沢誉志幸,http://twitter.com/ohsawayoshiyuki
J-POP・メジャー,,大島こうすけ,http://twitter.com/kohsuke94
J-POP・メジャー,,大知正紘,http://twitter.com/oochimasahiro
J-POP・メジャー,,大西由希子,http://twitter.com/yukikoonishi
J-POP・メジャー,,おおはた雄一,http://twitter.com/yuichiohata
J-POP・メジャー,,オオヤユウスケ,http://twitter.com/yusukeoya
J-POP・メジャー,,岡野宏典,http://twitter.com/okanohironori
J-POP・メジャー,OKAMOTO'S,オカモトコウキ,http://twitter.com/OkamotoKouki
J-POP・メジャー,OKAMOTO'S,オカモトショウ,http://twitter.com/OKAMOTO_SHO
J-POP・メジャー,OKAMOTO'S,オカモトレイジ,http://twitter.com/OKAMOTOREIJI
J-POP・メジャー,OKAMOTO'S,ハマ・オカモト,http://twitter.com/hama_okamoto
J-POP・メジャー,,岡本真夜,http://twitter.com/mayookamoto510
J-POP・メジャー,,奥井雅美 ,http://twitter.com/LoveLoveDragon
J-POP・メジャー,,奥華子,http://twitter.com/okuhanako
J-POP・メジャー,,織田哲郎,http://twitter.com/tetsuro_oda
J-POP・メジャー,,小谷美紗子,http://twitter.com/odanimisako
J-POP・メジャー,8otto,8otto,http://twitter.com/8otto
J-POP・メジャー,8otto,TORA,http://twitter.com/8ottoTORA
J-POP・メジャー,オリジナル・ラブ,田島貴男,http://twitter.com/tajima_takao
J-POP・メジャー,オレスカバンド,いかす,http://twitter.com/iCas0G0_ORESKA
J-POP・メジャー,オレスカバンド,サキ,http://twitter.com/SAKIEL03_ORESKA
J-POP・メジャー,オレスカバンド,たえ,http://twitter.com/taeskank
J-POP・メジャー,オレスカバンド,とみ,http://twitter.com/tomi_oreska
J-POP・メジャー,オレスカバンド,ハヤミ,http://twitter.com/hayummy_oreska
J-POP・メジャー,オレスカバンド,もりこ,http://twitter.com/moriko30
J-POP・メジャー,orange pekoe,ナガシマトモコ,http://twitter.com/tmc_orangepekoe
J-POP・メジャー,ORANGE RANGE,HIROKI,http://twitter.com/OR_HIROKI
J-POP・メジャー,音速ライン,大久保剛,http://twitter.com/ac12
J-POP・メジャー,音速ライン,藤井敬之,http://twitter.com/onso9fujii
J-POP・メジャー,,甲斐名都,http://twitter.com/aigirl_yumegirl
J-POP・メジャー,,GACKT,http://twitter.com/gackt
J-POP・メジャー,カシオペア,櫻井哲夫,http://twitter.com/TETSUO_SAKURAI
J-POP・メジャー,カシオペア,神保彰,http://twitter.com/jimboakira
J-POP・メジャー,カシオペア,向谷実,http://twitter.com/MinoruMukaiya
J-POP・メジャー,,和紗,http://twitter.com/_Ka_Zu_Sa_
J-POP・メジャー,,片平里菜,http://twitter.com/katarina_81
J-POP・メジャー,勝手にしやがれ,武藤昭平,http://twitter.com/syoheimuto1228
J-POP・メジャー,,加藤いづみ,http://twitter.com/kato_izumi
J-POP・メジャー,,加藤登紀子,http://twitter.com/TokikoKato
J-POP・メジャー,,かの香織,http://twitter.com/CaoliCano
J-POP・メジャー,,カノン,http://twitter.com/kanon_sony
J-POP・メジャー,,辛島美登里,http://twitter.com/midorigamek
J-POP・メジャー,カラーボトル,"大川 ""Z"" 純司",http://twitter.com/COLORBOTTLE
J-POP・メジャー,,Curly Giraffe,http://twitter.com/curlygiraffenet
J-POP・メジャー,KAREN,アチコ,http://twitter.com/kimidori_murmur
J-POP・メジャー,KAREN,木下理樹,http://twitter.com/kinoshitariki
J-POP・メジャー,KAREN,戸高賢史,http://twitter.com/toddyphantom
J-POP・メジャー,,川本真琴,http://twitter.com/19740119
J-POP・メジャー,the GazettE,葵,http://twitter.com/Aoi_theGazettE
J-POP・メジャー,GIRL NEXT DOOR,千紗,http://twitter.com/chisa_GND
J-POP・メジャー,Galileo Galilei,岩井郁人,http://twitter.com/iwai_fumito
J-POP・メジャー,Galileo Galilei,尾崎和樹,http://twitter.com/kazuki_ozaki
J-POP・メジャー,Galileo Galilei,尾崎雄貴,http://twitter.com/ozakiyuuki
J-POP・メジャー,Galileo Galilei,佐孝仁司,http://twitter.com/sako_hitoshi
J-POP・メジャー,氣志團,綾小路翔,http://twitter.com/ShowAyanocozey
J-POP・メジャー,,北出菜奈,http://twitter.com/PRINCESSNANA73
J-POP・メジャー,KIDS,KIDS,http://twitter.com/KIDS_official
J-POP・メジャー,KIDS,植田隼人,http://twitter.com/hayato_KIDS
J-POP・メジャー,KIDS,奥野涼,http://twitter.com/kidsvogt
J-POP・メジャー,KIDS,片貝直也,http://twitter.com/dumbo665
J-POP・メジャー,KIDS,藤村倫,http://twitter.com/tomo_ba_kids
J-POP・メジャー,,木村カエラ,http://twitter.com/kaela_k
J-POP・メジャー,キャプテンストライダム,梅田啓介,http://twitter.com/kskume
J-POP・メジャー,キャプテンストライダム,永友聖也,http://twitter.com/say_yah_CTSR
J-POP・メジャー,,Caravan,http://twitter.com/caravan_harvest
J-POP・メジャー,CUBISMO GRAFICO FIVE,村田シゲ,http://twitter.com/ughhellabikini
J-POP・メジャー,9mm Parabellum Bullet,中村和彦,http://twitter.com/kazz_nakamura
J-POP・メジャー,9mm Parabellum Bullet,かみじょうちひろ,http://twitter.com/GodBlessYouuu
J-POP・メジャー,,杏子,http://twitter.com/anzunokodomo
J-POP・メジャー,筋肉少女帯,本城聡章,http://twitter.com/toshiakihonjo
J-POP・メジャー,,金原千恵子,http://twitter.com/chiekokinbara
J-POP・メジャー,キンモクセイ,伊藤俊吾,http://twitter.com/shungo_ito
J-POP・メジャー,キンモクセイ,佐々木良,http://twitter.com/ryooooooooo
J-POP・メジャー,キンモクセイ,張替智広,http://twitter.com/dr_haliblaine
J-POP・メジャー,口ロロ,いとうせいこう,http://twitter.com/seikoito
J-POP・メジャー,口ロロ,三浦康嗣,http://twitter.com/koshimiura
J-POP・メジャー,口ロロ,村田シゲ,http://twitter.com/ughhellabikini
J-POP・メジャー,グッドモーニングアメリカ,グッドモーニングアメリカ,http://twitter.com/gma_info
J-POP・メジャー,グッドモーニングアメリカ,金廣真悟,http://twitter.com/kanehiroshingo
J-POP・メジャー,グッドモーニングアメリカ,たなしん,http://twitter.com/tanashinGMA
J-POP・メジャー,グッドモーニングアメリカ,ペギ,http://twitter.com/americapegi
J-POP・メジャー,グッドモーニングアメリカ,渡邊幸一,http://twitter.com/koichi_gma
J-POP・メジャー,,クノシンジ,http://twitter.com/kunoshinji
J-POP・メジャー,,久保田利伸,http://twitter.com/kubota_4_real
J-POP・メジャー,クラムボン,伊藤大助,http://twitter.com/daisukebon
J-POP・メジャー,クラムボン,原田郁子,http://twitter.com/ooo195ooo
J-POP・メジャー,クラムボン,ミト,http://twitter.com/micromicrophone
J-POP・メジャー,,紅麗威,http://twitter.com/gury4649
J-POP・メジャー,クリープハイプ,クリープハイプ,http://twitter.com/creephyp
J-POP・メジャー,クリープハイプ,小川幸慈,http://twitter.com/yukig_ogw
J-POP・メジャー,クリープハイプ,尾崎世界観,http://twitter.com/ozakisekaikan
J-POP・メジャー,クリープハイプ,小泉拓,http://twitter.com/koizumitakuda
J-POP・メジャー,クリープハイプ,長谷川カオナシ,http://twitter.com/kaonashiworks
J-POP・メジャー,,クリスタル・ケイ,http://twitter.com/CKAY26
J-POP・メジャー,グループ魂,港カヲル,http://twitter.com/MINATO_KAWORU
J-POP・メジャー,GLAY,TERU,http://twitter.com/TE_RUR_ET
J-POP・メジャー,GLAY,HISASHI,http://twitter.com/HISASHI_
J-POP・メジャー,黒猫チェルシー,岡本啓佑,http://twitter.com/okamotokeisuke
J-POP・メジャー,黒猫チェルシー,澤竜次,http://twitter.com/sawaryuji1990
J-POP・メジャー,,桑名正博,http://twitter.com/masayan987
J-POP・メジャー,ケラケラ,ケラケラ,http://twitter.com/kera2_official
J-POP・メジャー,ケラケラ,ふるっぺ,http://twitter.com/furukawahiroki
J-POP・メジャー,ケラケラ,MEME,http://twitter.com/meme_kerakera
J-POP・メジャー,ケラケラ,森さん,http://twitter.com/takahirine
J-POP・メジャー,ゲントウキ,田中 潤,http://twitter.com/gentouki
J-POP・メジャー,,研ナオコ,http://twitter.com/naokoken77
J-POP・メジャー,GOING UNDER GROUND,石原聡,http://twitter.com/satotosato
J-POP・メジャー,GOING UNDER GROUND,河野丈洋,http://twitter.com/joekono
J-POP・メジャー,GOING UNDER GROUND,中澤寛規,http://twitter.com/nakaza_nkz
J-POP・メジャー,GOING UNDER GROUND,松本素生,http://twitter.com/sou_matsumoto
J-POP・メジャー,GO!GO!7188,ユウ(チリヌルヲワカ),http://twitter.com/wowaka_official
J-POP・メジャー,GO!GO!7188,アッコ,http://twitter.com/GOGOEREKI
J-POP・メジャー,GO!GO!7188,ターキー,http://twitter.com/turkey696
J-POP・メジャー,ghostnote,大平伸正,http://twitter.com/nobumasa_ohira
J-POP・メジャー,ghostnote,佐藤慎治,http://twitter.com/shinji_bass
J-POP・メジャー,,コトリンゴ,http://twitter.com/kotringo
J-POP・メジャー,,小林明子,http://twitter.com/akiko_holi
J-POP・メジャー,,小林太郎,http://twitter.com/TARO_KOBAYASHI
J-POP・メジャー,,小南泰葉,http://twitter.com/kominamitw
J-POP・メジャー,,小柳ゆき,http://twitter.com/yuki_koyanagi
J-POP・メジャー,,近藤晃央,http://twitter.com/akihisakondo
J-POP・メジャー,,近藤夏子,http://twitter.com/kondonatsuko
J-POP・メジャー,,近藤名奈,http://twitter.com/NanaCondo
J-POP・メジャー,,権藤知彦,http://twitter.com/coffeemotor
J-POP・メジャー,Silent Siren,梅村妃奈子,http://twitter.com/hinanchu_twtr
J-POP・メジャー,Silent Siren,黒坂優香子,http://twitter.com/kurosakayukako
J-POP・メジャー,Silent Siren,山内あいな,http://twitter.com/aina0703
J-POP・メジャー,Silent Siren,吉田菫,http://twitter.com/sumiredooon
J-POP・メジャー,SURFACE,椎名慶治,http://twitter.com/Shiinastar
J-POP・メジャー,,齊藤ジョニー,http://twitter.com/saito_johnny
J-POP・メジャー,,さかいゆう,http://twitter.com/Sakai_Official
J-POP・メジャー,サカナクション,江島啓一,http://twitter.com/EJIMANBOO
J-POP・メジャー,サカナクション,山口一郎,http://twitter.com/SAKANAICHIRO
J-POP・メジャー,,SAKANAMON,http://twitter.com/SAKANAMON_info
J-POP・メジャー,SAKANAMON,木村浩大,http://twitter.com/kimramon0317
J-POP・メジャー,SAKANAMON,藤森元生,http://twitter.com/finemanart
J-POP・メジャー,SAKANAMON,森野光晴,http://twitter.com/mrn_sakanamon
J-POP・メジャー,,坂本美雨,http://twitter.com/miusakamoto
J-POP・メジャー,サクラメリーメン,小西透太,http://twitter.com/tota_konishi
J-POP・メジャー,サクラメリーメン,森西亮太,http://twitter.com/RyotaMorinishi
J-POP・メジャー,Sasatica,佐々木良,http://twitter.com/ryooooooooo
J-POP・メジャー,SADS,清春,http://twitter.com/kiyoharu1968
J-POP・メジャー,SADS,GO,http://twitter.com/GO_sads
J-POP・メジャー,SADS,K-A-Z,http://twitter.com/thekazrock
J-POP・メジャー,SADS,クボタケイスケ,http://twitter.com/kubota_sads
J-POP・メジャー,ZAMZA,ZINC WHITE（辻仁成）,http://twitter.com/TsujiHitonari
J-POP・メジャー,,さめざめ,http://twitter.com/samezame_tweet
J-POP・メジャー,The SALOVERS,古舘佑太郎,http://twitter.com/salovers_furu
J-POP・メジャー,,紗羅マリー,http://twitter.com/SaraMary_1212
J-POP・メジャー,,Salyu,http://twitter.com/SALYUOFFICIAL
J-POP・メジャー,,沢田知可子,http://twitter.com/SawadaChikaco
J-POP・メジャー,,サンプラザ中野くん,http://twitter.com/spnk
J-POP・メジャー,サンボマスター,木内泰史,http://twitter.com/kiuchiSBM
J-POP・メジャー,サンボマスター,山口隆,http://twitter.com/yamaguchi_SBM
J-POP・メジャー,C&K,KEEN,http://twitter.com/keen_ck
J-POP・メジャー,C&K,CLIEVY,http://twitter.com/ck4649
J-POP・メジャー,,ジェイク・シマブクロ,http://twitter.com/JakeShimabukuro※英語
J-POP・メジャー,,ジェロ (Jero),http://twitter.com/jeroenka
J-POP・メジャー,,四家卯大,http://twitter.com/shikaudai
J-POP・メジャー,シクラメン,DEppa,http://twitter.com/deppa023
J-POP・メジャー,シクラメン,肉だんご,http://twitter.com/nikutakun
J-POP・メジャー,シクラメン,桃紅茶,http://twitter.com/momo_teatea
J-POP・メジャー,シド,マオ,http://twitter.com/mao_sid
J-POP・メジャー,cinema staff,cinema staff,http://twitter.com/cinemastaff_
J-POP・メジャー,cinema staff,久野洋平,http://twitter.com/dkomusubi
J-POP・メジャー,cinema staff,辻友貴,http://twitter.com/G2_NIT
J-POP・メジャー,cinema staff,三島想平,http://twitter.com/mishimasouhei
J-POP・メジャー,,柴田あゆみ,http://twitter.com/AYUMI_SHIBATA_
J-POP・メジャー,Jeepta,サトウヒロユキ,http://twitter.com/Jeepta_sato
J-POP・メジャー,,渋谷慶一郎,http://twitter.com/keiichiroshibuy
J-POP・メジャー,,JASMINE,http://twitter.com/J_A_S_M_I_N_E_
J-POP・メジャー,SHAKALABBITS,TAKE-C,http://twitter.com/TAKEC526
J-POP・メジャー,シャ乱Q,つんく♂,http://twitter.com/Tsunkuu
J-POP・メジャー,シャ乱Q,はたけ,http://twitter.com/hatake
J-POP・メジャー,,ジャンク フジヤマ,http://twitter.com/junkfujiyama
J-POP・メジャー,Janne Da Arc,kiyo,http://twitter.com/JDA_kiyo
J-POP・メジャー,Janne Da Arc,shuji,http://twitter.com/shujidrums
J-POP・メジャー,,[Champagne],http://twitter.com/champagne_crew
J-POP・メジャー,,ジュディ・オング,http://twitter.com/JudyOngg
J-POP・メジャー,シュリスペイロフ,野口寛喜,http://twitter.com/syuris_noguchi
J-POP・メジャー,シュリスペイロフ,三浦慶季,http://twitter.com/syuris_bucho
J-POP・メジャー,シュリスペイロフ,宮本英一,http://twitter.com/syuris_miyamoto
J-POP・メジャー,,JUJU,http://twitter.com/JUJUsonymusic
J-POP・メジャー,Juliet,Juliet,http://twitter.com/julietterjuliet
J-POP・メジャー,Juliet,ハミ,http://twitter.com/hamihamihamiru
J-POP・メジャー,Juliet,マイコ,http://twitter.com/maikinman7
J-POP・メジャー,Juliet,ユミ,http://twitter.com/yuminchu1029
J-POP・メジャー,,荘野ジュリ,http://twitter.com/julishono
J-POP・メジャー,,庄野真代,http://twitter.com/mayodas
J-POP・メジャー,SHOW-YA,寺田恵子,http://twitter.com/KeikoTerada
J-POP・メジャー,,JYONGRI,http://twitter.com/JYONGRI0830
J-POP・メジャー,serial TV drama,新井弘毅,http://twitter.com/arai_serial
J-POP・メジャー,ジン,哲之,http://twitter.com/JINN_tetsuyuki
J-POP・メジャー,ジン,ハルカ,http://twitter.com/jinnharuka
J-POP・メジャー,ジン,ひぃたん,http://twitter.com/jinn_hiitan
J-POP・メジャー,ジン,もとき,http://twitter.com/jinn_motoki
J-POP・メジャー,真空ホロウ,真空ホロウ,http://twitter.com/shinku_horou
J-POP・メジャー,真空ホロウ,大貫朋也,http://twitter.com/tmy_oonk_0322
J-POP・メジャー,真空ホロウ,松本明人,http://twitter.com/morini_kaeru
J-POP・メジャー,真空ホロウ,村田智史,http://twitter.com/fromsfroms
J-POP・メジャー,,Sweet Vacation,http://twitter.com/Sweet_Vacation
J-POP・メジャー,SCANDAL,SCANDAL,http://twitter.com/scandal_band
J-POP・メジャー,SCANDAL,TOMOMI,http://twitter.com/scandal_tomomi
J-POP・メジャー,SCANDAL,HARUNA,http://twitter.com/scandal_haruna
J-POP・メジャー,SCANDAL,MAMI,http://twitter.com/scandal_mami
J-POP・メジャー,SCANDAL,RINA,http://twitter.com/scandal_rina
J-POP・メジャー,,スガシカオ,http://twitter.com/shikaosuga
J-POP・メジャー,,菅原紗由理,http://twitter.com/SAYURISUGAWARA
J-POP・メジャー,SCRIPT,佐々木收,http://twitter.com/osamu_sasaki
J-POP・メジャー,ストレイテナー,大山純,http://twitter.com/OJ_Japan
J-POP・メジャー,ストレイテナー,ナカヤマシンペイ,http://twitter.com/shinpei_strtnr
J-POP・メジャー,ストレイテナー,日向秀和,http://twitter.com/Hinatch
J-POP・メジャー,,スネオヘアー,http://twitter.com/nabeohair
J-POP・メジャー,SPYAIR,SPYAIR,http://twitter.com/SPYAIRSTAFF
J-POP・メジャー,SPYAIR,IKE,http://twitter.com/IKESPYAIR
J-POP・メジャー,SPYAIR,KENTA,http://twitter.com/KENTASPYAIR
J-POP・メジャー,SPYAIR,MOMIKEN,http://twitter.com/MOMIKENSPYAIR
J-POP・メジャー,SPYAIR,UZ,http://twitter.com/UZSPYAIR
J-POP・メジャー,SPANK PAGE,大成泰,http://twitter.com/narifrog
J-POP・メジャー,SPANK PAGE,水野雅昭,http://twitter.com/masaaki_mizuno
J-POP・メジャー,SPANK PAGE,山下啓一郎,http://twitter.com/spankguitar
J-POP・メジャー,SPECIAL OTHERS,柳下武史（YAGI）,http://twitter.com/yagi_spe
J-POP・メジャー,SPECIAL OTHERS,"Yuma ""REMI"" Serizawa ",http://twitter.com/serizawa_SPE
J-POP・メジャー,,住岡梨奈,http://twitter.com/SumiokaRina
J-POP・メジャー,sleepy.ab,sleepy.ab,http://twitter.com/sleepyab
J-POP・メジャー,sleepy.ab,津波秀樹,http://twitter.com/sleepydrum
J-POP・メジャー,,聖飢魔II,http://twitter.com/seikima_II
J-POP・メジャー,セカイイチ,泉健太郎,http://twitter.com/kenizumitarou
J-POP・メジャー,セカイイチ,岩崎慧,http://twitter.com/keiiwasaki
J-POP・メジャー,セカイイチ,中内正之,http://twitter.com/SAY__U
J-POP・メジャー,セカイイチ,吉澤響,http://twitter.com/yszwk_dr
J-POP・メジャー,"SOIL&""PIMP""SESSIONS",社長,http://twitter.com/SHACHO_SOILPIMP
J-POP・メジャー,"SOIL&""PIMP""SESSIONS",タブゾンビ,http://twitter.com/tabuzombie
J-POP・メジャー,,Sowelu,http://twitter.com/Sowelu1106
J-POP・メジャー,,曽我部恵一,http://twitter.com/keiichisokabe
J-POP・メジャー,SOFFet,GooF,http://twitter.com/GooFsoffet
J-POP・メジャー,SOFFet,YoYo,http://twitter.com/YoYo_SOFFet
J-POP・メジャー,ソノダバンド,ソノダバンド,http://twitter.com/sonodaband
J-POP・メジャー,ソノダバンド,園田涼,http://twitter.com/sonotee
J-POP・メジャー,,SONOMI,http://twitter.com/singersonomi
J-POP・メジャー,,タイナカサチ,http://twitter.com/tainakasachi
J-POP・メジャー,,高杉さと美,http://twitter.com/takasugi_satomi
J-POP・メジャー,,高橋瞳,http://twitter.com/HitomiHitomitti
J-POP・メジャー,,高橋優,http://twitter.com/takahashiyu
J-POP・メジャー,,高橋ユキヒロ,http://twitter.com/room66plus
J-POP・メジャー,,高橋洋一,http://twitter.com/Takahashi_PhD
J-POP・メジャー,竹内電気,山下桂史,http://twitter.com/takedenyamashi
J-POP・メジャー,竹内電気,斉藤伸也,http://twitter.com/shytoshinya
J-POP・メジャー,DadaD,DadaD,http://twitter.com/DadaDstaff
J-POP・メジャー,DadaD,Kate,http://twitter.com/DadaDkate
J-POP・メジャー,DadaD,Shige,http://twitter.com/hellkuni
J-POP・メジャー,DAdDY WALK AROUND,小西玲太朗,http://twitter.com/dwa_ryota
J-POP・メジャー,DAdDY WALK AROUND,ナリ,http://twitter.com/NARILYN_MANSON
J-POP・メジャー,,タニザワトモフミ,http://twitter.com/tanizaworld
J-POP・メジャー,,谷山 浩子,http://twitter.com/taniyama_
J-POP・メジャー,,種ともこ,http://twitter.com/tomokotane
J-POP・メジャー,,tobaccojuice,http://twitter.com/tobaccojuice
J-POP・メジャー,tobaccojuice,脇山広介,http://twitter.com/kousukewakiyama
J-POP・メジャー,,多和田えみ,http://twitter.com/techesko
J-POP・メジャー,,Chage,http://twitter.com/chageshu
J-POP・メジャー,チャットモンチー,高橋久美子,http://twitter.com/kumikon_drum
J-POP・メジャー,チャットモンチー,福岡晃子,http://twitter.com/accobin
J-POP・メジャー,,辻詩音,http://twitter.com/shionnu10
J-POP・メジャー,つしまみれ,みずえ,http://twitter.com/hayamatter
J-POP・メジャー,椿屋四重奏,小寺良太,http://twitter.com/ryotadrum
J-POP・メジャー,椿屋四重奏,永田貴樹,http://twitter.com/uoshige
J-POP・メジャー,鶴,秋野温,http://twitter.com/afrockatsushi
J-POP・メジャー,鶴,神田雄一朗,http://twitter.com/#!/ukiukikanda
J-POP・メジャー,TM NETWORK,宇都宮隆とバンド仲間達,http://twitter.com/TEAM_UTSU
J-POP・メジャー,TM NETWORK,木根尚登,http://twitter.com/kinenaoto
J-POP・メジャー,TM NETWORK,小室哲哉,http://twitter.com/Tetsuya_Komuro
J-POP・メジャー,T.M.Revolution,西川貴教,http://twitter.com/TMR15
J-POP・メジャー,D.W.ニコルズ,岡田梨沙,http://twitter.com/risa_purdie
J-POP・メジャー,D.W.ニコルズ,鈴木健太,http://twitter.com/kenta_nicols
J-POP・メジャー,D.W.ニコルズ,千葉真奈美,http://twitter.com/#!/manan_jp
J-POP・メジャー,,ティーナ・カリーナ,http://twitter.com/Tiina_Kariina
J-POP・メジャー,,寺岡呼人,http://twitter.com/yohito_teraoka
J-POP・メジャー,,the telephones,http://twitter.com/thetelephonesjp
J-POP・メジャー,the telephones,石毛輝,http://twitter.com/Akira_Ishige
J-POP・メジャー,the telephones,岡本伸明,http://twitter.com/nobu_okamoto
J-POP・メジャー,the telephones,長島涼平,http://twitter.com/ryoheeey
J-POP・メジャー,the telephones,松本誠治,http://twitter.com/Sei_j_Matumoto
J-POP・メジャー,,detroit7,http://twitter.com/detroitseven
J-POP・メジャー,DEPAPEPE,徳岡慶也,http://twitter.com/DEPAPEPE_toku
J-POP・メジャー,DEPAPEPE,三浦拓也,http://twitter.com/DEPAPEPE_miura
J-POP・メジャー,10-FEET,TAKUMA,http://twitter.com/takuma10feet
J-POP・メジャー,10-FEET,NAOKI,http://twitter.com/naoki10feet
J-POP・メジャー,電気グルーヴ,石野卓球,http://twitter.com/TakkyuIshino
J-POP・メジャー,東京カランコロン,東京カランコロン,http://twitter.com/tokyokarankoron
J-POP・メジャー,東京カランコロン,いちろー,http://twitter.com/16karankoron
J-POP・メジャー,東京カランコロン,おいたん,http://twitter.com/oitan_0222
J-POP・メジャー,東京カランコロン,かみむー氏,http://twitter.com/kamimarru
J-POP・メジャー,東京カランコロン,佐藤全部,http://twitter.com/satouzenbuuuuuu
J-POP・メジャー,東京カランコロン,せんせい,http://twitter.com/sensei_powawa
J-POP・メジャー,東京事変,亀田誠治,http://twitter.com/seiji_kameda
J-POP・メジャー,東京スカパラダイスオーケストラ,沖祐市,http://twitter.com/skakeyboard
J-POP・メジャー,東京スカパラダイスオーケストラ,大森はじめ,http://twitter.com/Hazzy_O
J-POP・メジャー,東京スカパラダイスオーケストラ,川上つよし,http://twitter.com/Mooditter
J-POP・メジャー,TOKYO No.1 SOUL SET,BIKKE,http://twitter.com/BIKKE_NO1
J-POP・メジャー,TOKYO No.1 SOUL SET,渡辺俊美,http://twitter.com/zootset
J-POP・メジャー,,土岐麻子,http://twitter.com/tokiasako
J-POP・メジャー,,戸田誠司（ex.FAIRCHILD）,http://twitter.com/t0da
J-POP・メジャー,Tourbillon,葉山拓亮,http://twitter.com/HiroakiHayama
J-POP・メジャー,,Tony Potter,http://twitter.com/tonypotter17
J-POP・メジャー,TRICERATOPS,TRICERATOPS,http://twitter.com/TRICERA_BAND
J-POP・メジャー,TRICERATOPS,林幸治,http://twitter.com/koji_hayasi
J-POP・メジャー,TRICERATOPS,吉田佳史,http://twitter.com/yoshifumidayo_
J-POP・メジャー,TRICERATOPS,和田唱,http://twitter.com/sho_wada
J-POP・メジャー,,堂島孝平,http://twitter.com/Dojima_Kohei
J-POP・メジャー,Dragon Ash,桜井誠,http://twitter.com/DRAGONASH_SAKU
J-POP・メジャー,Dragon Ash,BOTS,http://twitter.com/Tango_1978
J-POP・メジャー,,dorlis,http://twitter.com/dorlis0223
J-POP・メジャー,ナイトメア,柩,http://twitter.com/hitsu_nightmare
J-POP・メジャー,ナイトメア,瑠樺,http://twitter.com/ruka_nightmare
J-POP・メジャー,,ナオト・インティライミ,http://twitter.com/naotointiraymi
J-POP・メジャー,,中島卓偉,http://twitter.com/takuinakajima
J-POP・メジャー,,中西圭三,http://twitter.com/keizo1111
J-POP・メジャー,,中村あゆみ,http://twitter.com/ayumi_nakamura
J-POP・メジャー,,中山うり,http://twitter.com/nakayamauri
J-POP・メジャー,,中山美穂,http://twitter.com/m_pokorin
J-POP・メジャー,,難波章浩,http://twitter.com/AKIHIRONAMBA
J-POP・メジャー,,南波志帆,http://twitter.com/nanba44
J-POP・メジャー,,新山詩織,http://twitter.com/niiyama_shiori
J-POP・メジャー,,THE NEATBEATS,http://twitter.com/theNEATBEATS
J-POP・メジャー,,NIKIIE,http://twitter.com/nikiiejp
J-POP・メジャー,,西川進,http://twitter.com/nishikawasusumu
J-POP・メジャー,,NIRGILIS,http://twitter.com/NIRGILIS_com
J-POP・メジャー,,根岸孝旨,http://twitter.com/negimisoitame
J-POP・メジャー,ねごと,ねごと,http://twitter.com/negoto69
J-POP・メジャー,ねごと,蒼山幸子,http://twitter.com/pechiko119
J-POP・メジャー,ねごと,澤村小夜子,http://twitter.com/NEGOTOnoDr385zz
J-POP・メジャー,ねごと,沙田瑞紀,http://twitter.com/zoobombomb
J-POP・メジャー,NOVELS,楠本正明,http://twitter.com/kussan_masa0903
J-POP・メジャー,NOVELS,竹内真央,http://twitter.com/mao_takeuchi
J-POP・メジャー,NOVELS,山田裕起,http://twitter.com/yuki_novels
J-POP・メジャー,NOVELS,吉田翔人,http://twitter.com/shoto_0y
J-POP・メジャー,NONA REEVES,西寺郷太,http://twitter.com/Gota_NonaReeves
J-POP・メジャー,,野宮真貴,http://twitter.com/missmakinomiya
J-POP・メジャー,,橋本一子,http://twitter.com/ichikohashimoto
J-POP・メジャー,,橋本潮,http://twitter.com/ShioPu
J-POP・メジャー,,パスピエ,http://twitter.com/passepied_info
J-POP・メジャー,パスピエ,大胡田なつき,http://twitter.com/ogdnnn
J-POP・メジャー,パスピエ,露崎義邦,http://twitter.com/Elrick_fender
J-POP・メジャー,パスピエ,成田ハネダ,http://twitter.com/kome_suck
J-POP・メジャー,パスピエ,三澤勝洸,http://twitter.com/masahiromisawa
J-POP・メジャー,パスピエ,やおたくや,http://twitter.com/yaotakuya
J-POP・メジャー,,畑中葉子,http://twitter.com/hatanaka_yoko
J-POP・メジャー,,秦基博,http://twitter.com/hata_official
J-POP・メジャー,back number,back number,http://twitter.com/backnumberstaff
J-POP・メジャー,back number,小島和也,http://twitter.com/kojimakazuya
J-POP・メジャー,THE BACK HORN,岡峰光舟,http://twitter.com/KohshuOkamine
J-POP・メジャー,THE BACK HORN,菅波栄純,http://twitter.com/SuganamiEijun
J-POP・メジャー,THE BACK HORN,山田将司,http://twitter.com/yamada_masashi
J-POP・メジャー,,Buffalo Daughter,http://twitter.com/buffalodaughter
J-POP・メジャー,,HanaH,http://twitter.com/H_a_n_a_H_
J-POP・メジャー,バニラビーンズ,レナ,http://twitter.com/VB_Rena
J-POP・メジャー,バニラビーンズ,リサ,http://twitter.com/cha_maru
J-POP・メジャー,,馬場俊英,http://twitter.com/ToshihideBaba
J-POP・メジャー,DA BUBBLEGUM BROTHERS,Bro.KONE,http://twitter.com/kondohgumi
J-POP・メジャー,,浜崎あゆみ,http://twitter.com/ayu_19980408
J-POP・メジャー,,パラダイス山元,http://twitter.com/mambon
J-POP・メジャー,ハルカトミユキ,ハルカ,http://twitter.com/harukatomiyuki
J-POP・メジャー,ハルカトミユキ,ミユキ,http://twitter.com/jyuririri
J-POP・メジャー,HALCALI,YUCALI,http://twitter.com/YUCALI_HALCALI
J-POP・メジャー,HALCALI,HARCA,http://twitter.com/HARCOtw
J-POP・メジャー,,hANGRY & ANGRY（吉澤ひとみ、石川梨華）,http://twitter.com/hangryandangryf
J-POP・メジャー,P-MODEL,平沢進,http://twitter.com/hirasawa
J-POP・メジャー,HiGE,宮川トモユキ,http://twitter.com/teachankimpo
J-POP・メジャー,,日之内エミ,http://twitter.com/hinouchiemi
J-POP・メジャー,100s,池田貴史,http://twitter.com/ekechang
J-POP・メジャー,100s,小野眞一,http://twitter.com/onoshinichi
J-POP・メジャー,100s,玉田豊夢,http://twitter.com/TomTamada
J-POP・メジャー,100s,山口寛雄,http://twitter.com/hirooBASS
J-POP・メジャー,,平松愛理,http://twitter.com/hiramatsueri
J-POP・メジャー,,広沢タダシ,http://twitter.com/hirosawatadashi
J-POP・メジャー,,冷牟田竜之,http://twitter.com/hiyamuta
J-POP・メジャー,,広瀬香美,http://twitter.com/kohmi
J-POP・メジャー,BEAT CRUSADERS,カトウタロウ,http://twitter.com/TARO_KATO
J-POP・メジャー,BEAT CRUSADERS,クボタマサヒコ,http://twitter.com/KUBOTA_MASAHIKO
J-POP・メジャー,BEAT CRUSADERS,ケイタイモ,http://twitter.com/K_e_i_t_a_i_m_o
J-POP・メジャー,BEAT CRUSADERS,マシータ,http://twitter.com/maseeeta
J-POP・メジャー,People In The Box,波多野裕文,http://twitter.com/Hatano_Hirofumi
J-POP・メジャー,People In The Box,山口大吾,http://twitter.com/godaigochan
J-POP・メジャー,ピロカルピン,ピロカルピン,http://twitter.com/pirokalpin
J-POP・メジャー,ピロカルピン,岡田慎二郎,http://twitter.com/pirokalpin_shin
J-POP・メジャー,ピロカルピン,スズキヒサシ,http://twitter.com/BassSuzuki
J-POP・メジャー,ピロカルピン,松木智恵子,http://twitter.com/pirokalmatsuki
J-POP・メジャー,,pupa,http://twitter.com/pupa_official
J-POP・メジャー,Fantastic Plastic Machine,田中知之,http://twitter.com/tomoyukitanaka
J-POP・メジャー,Fantastic Plastic Machine,スタッフ,http://twitter.com/FPM_report
J-POP・メジャー,風味堂,鳥口JOHNマサヤ,http://twitter.com/basstori
J-POP・メジャー,風味堂,中富雄也,http://twitter.com/metallicatsuya
J-POP・メジャー,風味堂,渡和久,http://twitter.com/keywatary
J-POP・メジャー,FoZZtone,FoZZtone,http://twitter.com/FoZZtone_twit
J-POP・メジャー,FoZZtone,菅野信昭,http://twitter.com/canon_kanno
J-POP・メジャー,,ふくい舞,http://twitter.com/fukuimai/
J-POP・メジャー,,福原美穂,http://twitter.com/FukuharaMiho
J-POP・メジャー,,藤井謙二,http://twitter.com/Kenji_Fujii
J-POP・メジャー,,藤田麻衣子,http://twitter.com/Fujita_Maiko
J-POP・メジャー,,藤崎涼,http://twitter.com/drummer_ryo
J-POP・メジャー,,fumika,http://twitter.com/fumika_tweet
J-POP・メジャー,FLYING KIDS,浜崎貴司,http://twitter.com/HAMAZAKITAKASHI
J-POP・メジャー,,フラワーカンパニーズ,http://twitter.com/FlowerCompanyz
J-POP・メジャー,,The Flickers,http://twitter.com/The_Flickers
J-POP・メジャー,The Flickers,安島祐輔,http://twitter.com/yuflicker
J-POP・メジャー,The Flickers,堀内祥太郎,http://twitter.com/HoriuchiMantaro
J-POP・メジャー,The Flickers,本吉Nico弘樹,http://twitter.com/nico_hiroki
J-POP・メジャー,,古内東子,http://twitter.com/TOKOFURUUCHI
J-POP・メジャー,,フルカワミキ,http://twitter.com/furukawamiki
J-POP・メジャー,plenty,江沼郁弥,http://twitter.com/plenty_enuma
J-POP・メジャー,plenty,新田紀彰,http://twitter.com/nittanoriaki
J-POP・メジャー,plenty,吉岡紘希,http://twitter.com/M_1455
J-POP・メジャー,bloodthirsty butchers,吉村秀樹,http://twitter.com/HidekiYoshimura
J-POP・メジャー,BOOM BOOM SATELLITES,川島道行,http://twitter.com/BBS_kawashima
J-POP・メジャー,Base Ball Bear,小出祐介,http://twitter.com//Base_Ball_Bear_
J-POP・メジャー,Base Ball Bear,堀之内大介,http://twitter.com/horinouchi_bbb
J-POP・メジャー,Baby Boo,Shinobu,http://twitter.com/shinobu12345678
J-POP・メジャー,,BENI,http://twitter.com/BENI098
J-POP・メジャー,,BENNIE BECCA,http://twitter.com/BENNIE_BECCA
J-POP・メジャー,PE'Z,"Ohyama""B.M.W""Wataru",http://twitter.com/PEZ_WataruOyama
J-POP・メジャー,PE'Z,ヒイズミマサユ機,http://twitter.com/hzm_official
J-POP・メジャー,,Hemenway,http://twitter.com/Hemenway_jp
J-POP・メジャー,,BoA,http://twitter.com/BoA_USA※英語
J-POP・メジャー,,星村麻衣,http://twitter.com/hoshimura_mai
J-POP・メジャー,,布袋寅泰,http://twitter.com/_HOTEI
J-POP・メジャー,ホフディラン,小宮山雄飛,http://twitter.com/yuhikomiyama
J-POP・メジャー,,bomi,http://twitter.com/bomi_
J-POP・メジャー,,堀江博久,http://twitter.com/hirohisahorie
J-POP・メジャー,,THE BAWDIES,http://twitter.com/THE_BAWDIES
J-POP・メジャー,pogs,佐々木良,http://twitter.com/ryooooooooo
J-POP・メジャー,,POLYSICS,http://twitter.com/POLYSICS_TOISU
J-POP・メジャー,POLYSICS,フミ,http://twitter.com/fumi1978
J-POP・メジャー,POLYSICS,POLYSICSxBUDOKAN,http://twitter.com/poly_budokan
J-POP・メジャー,POLYSICS,U.S TOUR,http://twitter.com/polysics_ustour
J-POP・メジャー,ポルノグラフィティ,新藤晴一,http://twitter.com/blackcaster
J-POP・メジャー,WHITE ASH,WHITE ASH,http://twitter.com/WHITE_ASH_band
J-POP・メジャー,WHITE ASH,彩,http://twitter.com/WHITE_ASH_aya
J-POP・メジャー,WHITE ASH,のび太,http://twitter.com/white_ash_nobi
J-POP・メジャー,,マキシマムザホルモン,http://twitter.com/MTH_OFFICIAL
J-POP・メジャー,,槇原敬之,http://twitter.com/Daviechan
J-POP・メジャー,,真崎ゆか,http://twitter.com/masaki_yuka
J-POP・メジャー,MAGIC PARTY,AIRI,http://twitter.com/magicparty_AIRI
J-POP・メジャー,MAGIC PARTY,本田光史郎,http://twitter.com/magicparty_hk
J-POP・メジャー,MASS OF THE FERMENTING DREGS,宮本菜津子,http://twitter.com/natsukondesu
J-POP・メジャー,,松千,http://twitter.com/matsusen_music
J-POP・メジャー,MAX,NANA,http://twitter.com/nanako_takushi
J-POP・メジャー,,真野恵里菜,http://twitter.com/erina_mano
J-POP・メジャー,マボロシ,竹内朋康,http://twitter.com/tomoyastone
J-POP・メジャー,The Mirraz,Showhey Hatakeyama,http://twitter.com/The_Mirraz_H
J-POP・メジャー,,MISIA,http://twitter.com/MISIA
J-POP・メジャー,,Ms.OOJA,http://twitter.com/msooja
J-POP・メジャー,,Miss Monday,http://twitter.com/missmonday_real
J-POP・メジャー,蜜,蜜,http://twitter.com/mitsu3_2osaka
J-POP・メジャー,蜜,木村ウニ,http://twitter.com/yuridoragon
J-POP・メジャー,蜜,橋詰遼,http://twitter.com/hashizumeryo
J-POP・メジャー,ミドリ,後藤まりこ,http://twitter.com/gotomariko
J-POP・メジャー,,ミドリカワ書房,http://twitter.com/mido_shin
J-POP・メジャー,,宮田和弥,http://twitter.com/kazuyamiyata
J-POP・メジャー,,雅-MIYAVI-,http://twitter.com/miyavi_official
J-POP・メジャー,,MINMI,http://twitter.com/minmidesu
J-POP・メジャー,Missing Link,SHOCO,http://twitter.com/SHOCOP
J-POP・メジャー,Missing Link,HARUKA,http://twitter.com/HARUKAONEESAN
J-POP・メジャー,milktub,bamboo,http://twitter.com/bamboo_milktub
J-POP・メジャー,,Mizca,http://twitter.com/Mizca_deco
J-POP・メジャー,moumoon,YUKA,http://twitter.com/moumoon726YUKA
J-POP・メジャー,ムーンライダーズ,白井良明,http://twitter.com/guitar_bancho
J-POP・メジャー,ムーンライダーズ,鈴木慶一,http://twitter.com/keiichi_suzuki
J-POP・メジャー,ムーンライダーズ,鈴木博文,http://twitter.com/metrotron_com
J-POP・メジャー,ムーンライダーズ,moonriders公式,http://twitter.com/moonriders_net
J-POP・メジャー,ムック,SATOち,http://twitter.com/mucc_satochi
J-POP・メジャー,ムック,逹瑯,http://twitter.com/mucc_tatsuro
J-POP・メジャー,ムック,ミヤ,http://twitter.com/mucc_miya
J-POP・メジャー,ムック,YUKKE,http://twitter.com/mucc_yukke
J-POP・メジャー,,ムッシュかまやつ,http://twitter.com/monsieur0112
J-POP・メジャー,,May. J,http://twitter.com/MayJamileh
J-POP・メジャー,,MELL（期間限定）,http://twitter.com/MELLMIRAGE
J-POP・メジャー,メレンゲ,クボケンジ,http://twitter.com/kubokenji
J-POP・メジャー,メレンゲ,タケシタ ツヨシ,http://twitter.com/tsuyoshix
J-POP・メジャー,メレンゲ,ヤマザキタケシ,http://twitter.com/takbooo
J-POP・メジャー,MO’SOME TONEBENDER,武井靖典,http://twitter.com/takeitonebender
J-POP・メジャー,MO’SOME TONEBENDER,藤田勇,http://twitter.com/isamufujita
J-POP・メジャー,MO’SOME TONEBENDER,百々和宏,http://twitter.com/Momokazuhiro
J-POP・メジャー,,moto,http://twitter.com/moto_music
J-POP・メジャー,MONOBRIGHT,瀧谷翼,http://twitter.com/takitanitsubasa
J-POP・メジャー,MONOBRIGHT,出口博之,http://twitter.com/deguchihiroyuki
J-POP・メジャー,MONOBRIGHT,ヒダカトオル,http://twitter.com/hidakatoru
J-POP・メジャー,MONOBRIGHT,松下省伍,http://twitter.com/matusitashogo
J-POP・メジャー,MONOBRIGHT,桃野陽介,http://twitter.com/momonoyosuke
J-POP・メジャー,モーモールルギャバン,ゲイリー・ビッチェ,http://twitter.com/GaryForeverLove
J-POP・メジャー,,森恵,http://twitter.com/megumimori
J-POP・メジャー,,森若香織,http://twitter.com/moriwakakaori
J-POP・メジャー,MonkeyMajik,Blaise Plant,http://twitter.com/BlaisePlant
J-POP・メジャー,MonkeyMajik,Maynard Plant,http://twitter.com/MaynardPlant
J-POP・メジャー,,矢井田瞳,http://twitter.com/yaiko_official
J-POP・メジャー,,矢沢洋子,http://twitter.com/yokookoy85
J-POP・メジャー,,山口リサ,http://twitter.com/yamaguchi_lisa
J-POP・メジャー,,山崎あおい,http://twitter.com/aoi_punclo
J-POP・メジャー,,YU-A,http://twitter.com/YUA_official
J-POP・メジャー,,湯川潮音,http://twitter.com/shione_y_info
J-POP・メジャー,,UNIST,http://twitter.com/unist_staff
J-POP・メジャー,UNIST,GAKU,http://twitter.com/gaku0822
J-POP・メジャー,UNIST,ZEN,http://twitter.com/zenvoice
J-POP・メジャー,UNIST,TAMA,http://twitter.com/TAMA_UNIST
J-POP・メジャー,UNISON SQUARE GARDEN,UNISON SQUARE GARDEN,http://twitter.com/USGinfo
J-POP・メジャー,UNISON SQUARE GARDEN,田淵智也,http://twitter.com/unisontabuchi
J-POP・メジャー,,ヨースケ@HOME,http://twitter.com/YOSUKEatHOME
J-POP・メジャー,羊毛とおはな,千葉はな,http://twitter.com/yo_mo_toohana
J-POP・メジャー,,横山 健,http://twitter.com/KenYokoyama
J-POP・メジャー,RIZE,金子賢輔,http://twitter.com/kenken_RIZE
J-POP・メジャー,LITE,山本晃紀,http://twitter.com/yamayamaya
J-POP・メジャー,ROUND TABLE,北川勝利,http://twitter.com/roundkitagawa
J-POP・メジャー,RAGFAIR,土屋礼央,http://twitter.com/reo_tsuchiya
J-POP・メジャー,RAGFAIR,引地洋輔,http://twitter.com/yosuke_hikichi
J-POP・メジャー,,LAST ALLIANCE,http://twitter.com/_LASTALLIANCE_
J-POP・メジャー,,LOVE,http://twitter.com/loveyanen
J-POP・メジャー,LOVE LOVE LOVE,LOVE LOVE LOVE,http://twitter.com/L_L_LOVE/
J-POP・メジャー,LOVE LOVE LOVE,浦山恭介,http://twitter.com/KYOSUKE_URAYAMA
J-POP・メジャー,LOVE LOVE LOVE,寺井孝太,http://twitter.com/Temple1105
J-POP・メジャー,ラムジ,井上慎二郎,http://twitter.com/shinjiroh_inoue
J-POP・メジャー,ラムジ,山下祐樹,http://twitter.com/lambseyamashita
J-POP・メジャー,,RAM RIDER,http://twitter.com/RAM_RIDER
J-POP・メジャー,L'Arc-en-Ciel,ken,http://twitter.com/CHLionRagbaby
J-POP・メジャー,LUNKHEAD,石川龍,http://twitter.com/slow_night
J-POP・メジャー,LUNKHEAD,合田悟,http://twitter.com/LUNKGDA
J-POP・メジャー,LUNKHEAD,小高芳太朗,http://twitter.com/yoshitaroodaka
J-POP・メジャー,LUNKHEAD,山下壮,http://twitter.com/SoYamashita
J-POP・メジャー,,Rie fu,http://twitter.com/riefuofficial
J-POP・メジャー,,Rihwa,http://twitter.com/Rihwa_Park
J-POP・メジャー,凛として時雨,ピエール中野,http://twitter.com/Pinakano
J-POP・メジャー,LUNA SEA,SUGIZO,http://twitter.com/SUGIZOofficial
J-POP・メジャー,,Rake,http://twitter.com/Rake_Official
J-POP・メジャー,,LEO今井,http://twitter.com/LEOIMAI
J-POP・メジャー,lego big morl,lego big morl,http://twitter.com/legobigmorl/
J-POP・メジャー,lego big morl,アサカワヒロ,http://twitter.com/ASAKAWAAGOHIGE
J-POP・メジャー,lego big morl,タナカヒロキ,http://twitter.com/tanakawakame
J-POP・メジャー,lego big morl,ヤマモトシンタロウ,http://twitter.com/chin_taurou
J-POP・メジャー,レミオロメン,神宮司治,http://twitter.com/ojro_men
J-POP・メジャー,レミオロメン,藤巻亮太,http://twitter.com/Ryota_Fujimaki
J-POP・メジャー,,Leyona,http://twitter.com/Leyona_official
J-POP・メジャー,THE LOCAL ART,大野一光,http://twitter.com/ikkou_ohno
J-POP・メジャー,ROCK'A'TRENCH,ROCK'A'TRENCH,http://twitter.com/Active_Rock_
J-POP・メジャー,ROCK'A'TRENCH,豊田ヒロユキ,http://twitter.com/toyodahiroyuki
J-POP・メジャー,ROCK'A'TRENCH,オータケハヤト,http://twitter.com/hayatootake
J-POP・メジャー,ROCK'A'TRENCH,山森大輔,http://twitter.com/daisukeyamamori
J-POP・メジャー,YMO（Yellow Magic Orchestra）,YMO（Yellow Magic Orchestra）,http://twitter.com/postymo
J-POP・メジャー,YMO（Yellow Magic Orchestra）,坂本龍一,http://twitter.com/skmt09
J-POP・メジャー,YMO（Yellow Magic Orchestra）,高橋ユキヒロ,http://twitter.com/room66plus
J-POP・メジャー,YMCK,栗原みどり,http://twitter.com/midori_kurihara
J-POP・メジャー,,渡辺香津美,http://twitter.com/watanabekazumi
J-POP・メジャー,wacci,wacci,http://twitter.com/wacci_jp
J-POP・メジャー,wacci,因幡始,http://twitter.com/bob_yoda
J-POP・メジャー,wacci,小野裕基,http://twitter.com/onope
J-POP・メジャー,wacci,橋口洋平,http://twitter.com/hashiguchiyohei
J-POP・メジャー,wacci,村中慧慈,http://twitter.com/gamusyara
J-POP・メジャー,wacci,横山祐介,http://twitter.com/yokoyamayan
HIP-HOP、レゲエ,,AFRA,http://twitter.com/AFRAnow
HIP-HOP、レゲエ,,AKANE,http://twitter.com/SingerAkane
HIP-HOP、レゲエ,ET-KING,KLUTCH,http://twitter.com/massivejive
HIP-HOP、レゲエ,ET-KING,TENN,http://twitter.com/10hat
HIP-HOP、レゲエ,韻牙ランド,CHIN,http://twitter.com/chin_ingaland
HIP-HOP、レゲエ,韻牙ランド,バカボンド,http://twitter.com/baka_bond
HIP-HOP、レゲエ,,イルリメ,http://twitter.com/illreme
HIP-HOP、レゲエ,,MCU,http://twitter.com/MCU
HIP-HOP、レゲエ,,GAKU-MC,http://twitter.com/gaku_mc
HIP-HOP、レゲエ,カルテット,AViA,http://twitter.com/AViAtraxxx
HIP-HOP、レゲエ,カルテット,NAL,http://twitter.com/KARUTETTO
HIP-HOP、レゲエ,カルテット,SAMON,http://twitter.com/SAMON_karutetto
HIP-HOP、レゲエ,,KEN THE 390,http://twitter.com/KENTHE390
HIP-HOP、レゲエ,,COMA-CHI,http://twitter.com/coma_chi
HIP-HOP、レゲエ,,Zeebra,http://twitter.com/zeebrathedaddy
HIP-HOP、レゲエ,,G.RINA,http://twitter.com/djsenorina
HIP-HOP、レゲエ,,SHING02,http://twitter.com/Shing02
HIP-HOP、レゲエ,,SPHERE of INFLUENCE,http://twitter.com/SPHERE_
HIP-HOP、レゲエ,,DABO,http://twitter.com/fudatzkee
HIP-HOP、レゲエ,,TARO SOUL,http://twitter.com/TAROSOUL
HIP-HOP、レゲエ,,DJ KENSEI,http://twitter.com/DJKENSAY
HIP-HOP、レゲエ,,DJ KENBO,http://twitter.com/kenbo072
HIP-HOP、レゲエ,,DJ KENTARO,http://twitter.com/DJKENTARO
HIP-HOP、レゲエ,,DJ TAMA,http://twitter.com/DJTAMA
HIP-HOP、レゲエ,,DJ WATARAI,http://twitter.com/djwatarai
HIP-HOP、レゲエ,DRY&HEAVY,Likkle Mai,http://twitter.com/likklemai
HIP-HOP、レゲエ,,田中ロウマ,http://twitter.com/tanakaROMA
HIP-HOP、レゲエ,HOME MADE 家族,MICRO,http://twitter.com/micro153cm
HIP-HOP、レゲエ,HOME MADE 家族,DJ U-ICHI,http://twitter.com/hmku0223
HIP-HOP、レゲエ,,Metis,http://twitter.com/MetisOFFICIAL
HIP-HOP、レゲエ,RAM WIRE,RAM WIRE,http://twitter.com/RAMWIRESTAFF
HIP-HOP、レゲエ,RAM WIRE,MONCH,http://twitter.com/monch_ramwire
HIP-HOP、レゲエ,RAM WIRE,ユーズ,http://twitter.com/usewax
HIP-HOP、レゲエ,RAM WIRE,DJ RYLL,http://twitter.com/RYLL_I_AM
HIP-HOP、レゲエ,RHYMESTER,DJ JIN,http://twitter.com/djjinrymstrbthr
HIP-HOP、レゲエ,,ランキンタクシー,http://twitter.com/rankintaxi
HIP-HOP、レゲエ,RIP SLYME,RIP SLYME,http://twitter.com/ripslyme_com
HIP-HOP、レゲエ,RIP SLYME,ILMARI ,http://twitter.com/ilmari_rire
HIP-HOP、レゲエ,RIP SLYME,SU,http://twitter.com/sussicaalba
HIP-HOP、レゲエ,RIP SLYME,DJ FUMIYA,http://twitter.com/djfumiya
HIP-HOP、レゲエ,RIP SLYME,RYO-Z,http://twitter.com/ryoujinarita
HIP-HOP、レゲエ,LITTLE TEMPO,大石 幸司,http://twitter.com/koji_Oishi
HIP-HOP、レゲエ,,RYOtheSKYWALKER,http://twitter.com/ryotheskywalker
HIP-HOP、レゲエ,Romancrew,ALI-KICK,http://twitter.com/ALI_KICK
HIP-HOP、レゲエ,,MC_MAIRA,http://twitter.com/MC_MAIRA
音楽プロデューサー・作曲家・作詞家,,浅田祐介,http://twitter.com/USKE_ASADA
音楽プロデューサー・作曲家・作詞家,,安部潤,http://twitter.com/JunAbe_JunAbe
音楽プロデューサー・作曲家・作詞家,,新井健史,http://twitter.com/arakeso
音楽プロデューサー・作曲家・作詞家,,飯田高広,http://twitter.com/IidaTakahiro
音楽プロデューサー・作曲家・作詞家,,市川淳,http://twitter.com/jun_ichikawa_
音楽プロデューサー・作曲家・作詞家,,市川喜康,http://twitter.com/YSYS_Ichikawa
音楽プロデューサー・作曲家・作詞家,,伊藤賢治,http://twitter.com/itoken0705
音楽プロデューサー・作曲家・作詞家,,今井大介,http://twitter.com/daisukeimai
音楽プロデューサー・作曲家・作詞家,,今井了介,http://twitter.com/ryosukeimai
音楽プロデューサー・作曲家・作詞家,,岩垂徳行,http://twitter.com/iwadaren
音楽プロデューサー・作曲家・作詞家,,大島こうすけ,http://twitter.com/kohsuke94
音楽プロデューサー・作曲家・作詞家,,大津美紀,http://twitter.com/ohtsumiki
音楽プロデューサー・作曲家・作詞家,,樫原伸彦,http://twitter.com/nobuchang
音楽プロデューサー・作曲家・作詞家,,片寄明人,http://twitter.com/akitokatayose
音楽プロデューサー・作曲家・作詞家,,門倉聡,http://twitter.com/kadockle
音楽プロデューサー・作曲家・作詞家,,鎌田雅人,http://twitter.com/masatokamata
音楽プロデューサー・作曲家・作詞家,,川口大輔,http://twitter.com/d_kawaguchi
音楽プロデューサー・作曲家・作詞家,,河野圭,http://twitter.com/keikawano
音楽プロデューサー・作曲家・作詞家,,菊池一仁,http://twitter.com/kazuhitokikuchi
音楽プロデューサー・作曲家・作詞家,,北野正人,http://twitter.com/mahsuke
音楽プロデューサー・作曲家・作詞家,,久保こーじ,http://twitter.com/cozykubo
音楽プロデューサー・作曲家・作詞家,,神前暁,http://twitter.com/MONACA_kosaki
音楽プロデューサー・作曲家・作詞家,,古代祐三,http://twitter.com/yuzokoshiro
音楽プロデューサー・作曲家・作詞家,,小室哲哉,http://twitter.com/Tetsuya_Komuro
音楽プロデューサー・作曲家・作詞家,,コモリタミノル,http://twitter.com/Comorita
音楽プロデューサー・作曲家・作詞家,,サエキけんぞう,http://twitter.com/kenzosaeki
音楽プロデューサー・作曲家・作詞家,,坂本英城,http://twitter.com/HidekiSakamoto
音楽プロデューサー・作曲家・作詞家,,崎元仁,http://twitter.com/HitoshiSakimoto
音楽プロデューサー・作曲家・作詞家,,佐宗綾子,http://twitter.com/ayako_saso
音楽プロデューサー・作曲家・作詞家,,佐藤宏章（レコーディングエンジニア）,http://twitter.com/landmark310
音楽プロデューサー・作曲家・作詞家,,椎名豪,http://twitter.com/cnago
音楽プロデューサー・作曲家・作詞家,,島野聡,http://twitter.com/sshimano
音楽プロデューサー・作曲家・作詞家,,シライシ紗トリ,http://twitter.com/SATROCKS
音楽プロデューサー・作曲家・作詞家,,下村陽子,http://twitter.com/midiplex
音楽プロデューサー・作曲家・作詞家,,鈴木秋則,http://twitter.com/akinori_suzuki
音楽プロデューサー・作曲家・作詞家,,鈴木健治,http://twitter.com/kenjisuzuki_
音楽プロデューサー・作曲家・作詞家,,鈴木Daichi秀行,http://twitter.com/daichi307
音楽プロデューサー・作曲家・作詞家,,TAICHI MASTER,http://twitter.com/tai_chi_mas_ter
音楽プロデューサー・作曲家・作詞家,,t-kimura,http://twitter.com/t__kimura
音楽プロデューサー・作曲家・作詞家,,TeddyLoid,http://twitter.com/TeddyLoidSpace
音楽プロデューサー・作曲家・作詞家,,田中ユウスケ,http://twitter.com/tanaka_yusuke
音楽プロデューサー・作曲家・作詞家,,玉井健二,http://twitter.com/tamaken0906
音楽プロデューサー・作曲家・作詞家,,Naoymt,http://twitter.com/naoymt
音楽プロデューサー・作曲家・作詞家,,長瀬弘樹,http://twitter.com/HirokiNagase
音楽プロデューサー・作曲家・作詞家,,中村タイチ,http://twitter.com/TAICHINAKAMURA
音楽プロデューサー・作曲家・作詞家,,なるけみちこ,http://twitter.com/narupon
音楽プロデューサー・作曲家・作詞家,,nishi-ken,http://twitter.com/d_nishiken_b
音楽プロデューサー・作曲家・作詞家,,萩原健太,http://twitter.com/kenta45rpm
音楽プロデューサー・作曲家・作詞家,,馬場一嘉,http://twitter.com/babakazuyoshi
音楽プロデューサー・作曲家・作詞家,,早川大地,http://twitter.com/daichihaji
音楽プロデューサー・作曲家・作詞家,,葉山拓亮,http://twitter.com/HiroakiHayama
音楽プロデューサー・作曲家・作詞家,,HIKARI,http://twitter.com/HIKARI_twitter
音楽プロデューサー・作曲家・作詞家,,藤井丈司,http://twitter.com/fujiitake
音楽プロデューサー・作曲家・作詞家,,本間昭光,http://twitter.com/akimitsuhomma
音楽プロデューサー・作曲家・作詞家,,松田純一,http://twitter.com/superstarbeats
音楽プロデューサー・作曲家・作詞家,,松本隆,http://twitter.com/takashi_mtmt
音楽プロデューサー・作曲家・作詞家,,松本良喜,http://twitter.com/Ryokiman
音楽プロデューサー・作曲家・作詞家,,光田康典,http://twitter.com/YasunoriMitsuda
音楽プロデューサー・作曲家・作詞家,,森元康介,http://twitter.com/cosk
音楽プロデューサー・作曲家・作詞家,,屋敷豪太,http://twitter.com/gotayashiki
音楽プロデューサー・作曲家・作詞家,,YANAGIMAN,http://twitter.com/YANAGIMAN
音楽プロデューサー・作曲家・作詞家,,山木隆一郎,http://twitter.com/yamaki74
音楽プロデューサー・作曲家・作詞家,,山口寛雄,http://twitter.com/hirooBASS
インディーズ,,ala,http://twitter.com/ala_official
インディーズ,,荒川ケンタウロス,http://twitter.com/arakawa_osyare
インディーズ,ar（アル）-,arフジモトヨシタカ,http://twitter.com/ar_Fuji
インディーズ,,會田茂一,http://twitter.com/foeget
インディーズ,ASPARAGUS,原直央,http://twitter.com/naouhara
インディーズ,ASPARAGUS,渡邊忍,http://twitter.com/ShinobuWatanabe
インディーズ,,有坂美香,http://twitter.com/mikaarisaka
インディーズ,asphalt frustration,宝満玲央,http://twitter.com/reo_asfr
インディーズ,unkie,城戸紘志,http://twitter.com/milincpote
インディーズ,UNLIMITS,清水葉子,http://twitter.com/UNLIMITS_yoko
インディーズ,UNLIMITS,大月義隆,http://twitter.com/UNLIMITS_gt
インディーズ,Anti Social Student,Anti Social Student,http://twitter.com/AxSxS_official
インディーズ,Anti Social Student,Junji Matsushita,http://twitter.com/AxSxS_junzill
インディーズ,,井伊英理,http://twitter.com/eri_theremin
インディーズ,,伊藤季七子,http://twitter.com/kinako923
インディーズ,,今井 大介,http://twitter.com/DaisukeImai
インディーズ,,KONDO AOI（近藤葵）,http://twitter.com/kondoaoi
インディーズ,,岩瀬敬吾,http://twitter.com/Iwasekeigo
インディーズ,,HY,http://twitter.com/HY_Official
インディーズ,おとぎ話,風間洋隆,http://twitter.com/hirotakazama
インディーズ,,折井敦子,http://twitter.com/Pleiades666
インディーズ,GARLICBOYS,LARRY,http://twitter.com/garlicboyslarry
インディーズ,KANA-BOON,KANA-BOON,http://twitter.com/_kanaboon
インディーズ,KANA-BOON,小泉貴裕,http://twitter.com/kanaboonkoicha
インディーズ,KANA-BOON,古賀隼斗,http://twitter.com/kanaboontuna
インディーズ,KANA-BOON,谷口鮪,http://twitter.com/kanaboonmaguro
インディーズ,KANA-BOON,飯田祐馬,http://twitter.com/kanaboonmeshida
インディーズ,COMEBACK MY DAUGHTERS,COMEBACK MY DAUGHTERS,http://twitter.com/CBMDofficial
インディーズ,COMEBACK MY DAUGHTERS,高本和英,http://twitter.com/cbmd_tk
インディーズ,COMEBACK MY DAUGHTERS,CHUN2,http://twitter.com/chun2000
インディーズ,COMEBACK MY DAUGHTERS,TT BOY,http://twitter.com/ttboy666
インディーズ,かりゆし58,前川真悟,http://twitter.com/shingomaekawa
インディーズ,,GAZ,http://twitter.com/GAZtheMC
インディーズ,Qomolangma Tomato,石井成人,http://twitter.com/Ishii_Naruto
インディーズ,Qomolangma Tomato,小倉直也,http://twitter.com/naoyaogura
インディーズ,,空中ループ,http://twitter.com/kuuchuuloop
インディーズ,,グッドラックヘイワ,http://twitter.com/goodluckheiwa
インディーズ,Grandfathers,青山陽一,http://twitter.com/yoichiaoyama
インディーズ,Grandfathers,西村哲也,http://twitter.com/HeronMusic
インディーズ,,QUATTRO,http://twitter.com/QUATTRO_theband
インディーズ,,KUDANZ,http://twitter.com/kudanznoboyaki
インディーズ,ココロオークション,ココロオークション,http://twitter.com/Cocoro_Auction
インディーズ,ココロオークション,粟子真行,http://twitter.com/awakoauction
インディーズ,ココロオークション,井川聡,http://twitter.com/Satoru_Auction
インディーズ,ココロオークション,大野裕司,http://twitter.com/nockn_auction
インディーズ,ココロオークション,冨山吉孝,http://twitter.com/Tommmyjm
インディーズ,,こずえ,http://twitter.com/kooooozu1
インディーズ,,笹生実久,http://twitter.com/sasaomiku
インディーズ,,Saya Nishida,http://twitter.com/zonbi
インディーズ,Sour,Sohey,http://twitter.com/SOUR_Sohey
インディーズ,Sour,hoshijima,http://twitter.com/SOUR_hoshijima
インディーズ,,SISTER JET,http://twitter.com/SISTERJET
インディーズ,SISTER JET,ワタルS,http://twitter.com/WATARUS
インディーズ,Natural Records,Natural Records,http://twitter.com/Natural_Records
インディーズ,Natural Records,宮武弘,http://twitter.com/miya_takehiro
インディーズ,Natural Records,加藤ケンタ,http://twitter.com/katokenta
インディーズ,Natural Records,千田大介,http://twitter.com/chiducks
インディーズ,Natural Records,越智祐介,http://twitter.com/OchiYusuke
インディーズ,CUBISMO GRAFICO,松田岳二,http://twitter.com/cubitter
インディーズ,The BM’s,青山陽一,http://twitter.com/yoichiaoyama
インディーズ,c.cedille,EMIRY,http://twitter.com/c_cedille
インディーズ,theSHUWA,Takafumi KawaGOE,http://twitter.com/GOE_theSHUWA
インディーズ,the chef cooks me,simoryo,http://twitter.com/simoryo_tccm
インディーズ,the chef cooks me,neeche,http://twitter.com/neeche_tccm
インディーズ,the chef cooks me,zimas,http://twitter.com/zimas_tccm
インディーズ,少年ナイフ,なおこ,http://twitter.com/ShonenKnife
インディーズ,少年ナイフ,りつこ,http://twitter.com/SK_Ritsuko
インディーズ,Jackson vibe,グローバー義和,http://twitter.com/yoshikazuGROVER
インディーズ,情熱マリーとしゃぼん玉ハイスクール,情熱マリ子,http://twitter.com/marikodeokoge
インディーズ,情熱マリーとしゃぼん玉ハイスクール,岡本拓真,http://twitter.com/jonetsubass
インディーズ,SCARLET,SCARLET,http://twitter.com/scarlet_addict
インディーズ,SCARLET,林束紗,http://twitter.com/tabasahayashi/
インディーズ,Scoobie Do,"オカモト ""MOBY"" タクヤ",http://twitter.com/moby_scoobie_do
インディーズ,,suzumoku,http://twitter.com/s_z_m_k
インディーズ,,須永辰緒,http://twitter.com/sunagat
インディーズ,,世武裕子,http://twitter.com/seb_zep
インディーズ,soulkids,soulkids,http://twitter.com/soulkids_nagoya
インディーズ,soulkids,西田浩二,http://twitter.com/KJ_soul_X
インディーズ,soulkids,深谷陽一郎,http://twitter.com/FKY48
インディーズ,,ソウル・フラワー・ユニオン,http://twitter.com/soulflowerunion
インディーズ,,SOLZICK,http://twitter.com/SOLZICK
インディーズ,,高木完,http://twitter.com/kantakagi
インディーズ,,高山ヒロヒコ,http://twitter.com/hiro_takayama
インディーズ,,竹本健一,http://twitter.com/takemotokenichi
インディーズ,dustbox,JOJI,http://twitter.com/jojiyakisoba
インディーズ,dustbox,SUGA,http://twitter.com/sugardustcurry
インディーズ,dustbox,REIJI,http://twitter.com/Reiji13
インディーズ,つばき,一色徳保,http://twitter.com/noriyasuisshoku
インディーズ,つばき,岡本奈穂子,http://twitter.com/okamoto_tsubaki
インディーズ,つばき,小川博永,http://twitter.com/ogawahironaga
インディーズ,DUNCANS’DIVAS,エナポゥ,http://twitter.com/ENAPOu
インディーズ,,DE DE MOUSE,http://twitter.com/DEDEMOUSE
インディーズ,te',hiro（黒田洋俊）,http://twitter.com/hirotoshikuroda
インディーズ,,Tetchimo7,http://twitter.com/tetchimo7
インディーズ,toe,山嵜廣和,http://twitter.com/yamayamawo
インディーズ,24～twofour～,Shouhei Hamaguchi,http://twitter.com/shoheitwofour
インディーズ,,トクマルシューゴ,http://twitter.com/shugotokumaru
インディーズ,DRY & HEAVY,外池 満広,http://twitter.com/mtoike
インディーズ,nothingman,nothingman,http://twitter.com/nothingman_jp
インディーズ,nothingman,今井昴,http://twitter.com/imai_p_bass
インディーズ,nothingman,太田幸伸,http://twitter.com/ota_dr
インディーズ,nothingman,宮下浩,http://twitter.com/miyashita_nm
インディーズ,,七尾旅人,http://twitter.com/tavito_net
インディーズ,99RadioService,99RadioService,http://twitter.com/99RadioService
インディーズ,99RadioService,Ko-ta,http://twitter.com/99kota
インディーズ,NEIL&IRAIZA,松田岳二,http://twitter.com/cubitter
インディーズ,,neco眠る,http://twitter.com/neco__nemuru
インディーズ,Package Bomb!!,takao,http://twitter.com/takao247
インディーズ,the band apart,荒井岳史,http://twitter.com/Arai_Takeshi
インディーズ,秀吉,柿澤秀吉,http://twitter.com/hideyoshidesu
インディーズ,,→Pia-no-jaC←,http://twitter.com/pj_pianojac
インディーズ,HINTO,安部コウセイ (ex.SPARTA LOCALS),http://twitter.com/kouseiabe
インディーズ,FedMUSIC,RIKU,http://twitter.com/RIKU_FedMUSIC
インディーズ,FedMUSIC,福井章人,http://twitter.com/FUKUI_FedMUSIC
インディーズ,Fee,柴田佑樹,http://twitter.com/yuukishibata
インディーズ,Foxxi misQ,CHiE,http://twitter.com/chie_foxxi_misq
インディーズ,,FRONTIER BACKYARD,http://twitter.com/FBYofficial
インディーズ,,Predawn,http://twitter.com/Predawn_staff
インディーズ,Brian the Sun,Brian the Sun,http://twitter.com/Brian_the_Sun
インディーズ,Brian the Sun,小川真司,http://twitter.com/Shinji_the_Sun
インディーズ,Brian the Sun,白山治輝,http://twitter.com/haruki_the_sun
インディーズ,Brian the Sun,田中駿汰,http://twitter.com/tanashun1991
インディーズ,Brian the Sun,森良太,http://twitter.com/payokki
インディーズ,plane,神本圭祐,http://twitter.com/kaminojin
インディーズ,plane,菊地佑介,http://twitter.com/kikuchiyusuke
インディーズ,plane,木田佳文,http://twitter.com/kidachang
インディーズ,plane,久光正昭,http://twitter.com/mittuu717
インディーズ,,ペトロールズ,http://twitter.com/thepetrolz
インディーズ,POARO,伊福部崇,http://twitter.com/TakashiIfukube
インディーズ,PONI-CAMP,エナポゥ,http://twitter.com/ENAPOu
インディーズ,PONI-CAMP,レイ（ex.JET BOYS_SUZUKI）,http://twitter.com/Ray_PONICAMP
インディーズ,bonobos,蔡忠浩,http://twitter.com/bonobos_sai
インディーズ,bonobos,辻凡人,http://twitter.com/tsujibondo
インディーズ,bonobos,松井泉,http://twitter.com/IzumiMatsui
インディーズ,VOLA&THE ORIENTALMACHINE,有江嘉典,http://twitter.com/arientalmachine
インディーズ,VOLA&THE ORIENTALMACHINE,イナザワアヒト,http://twitter.com/ahitoinazawa
インディーズ,,mouse on the keys,http://twitter.com/mouseonthekeys
インディーズ,MALLET×PIT,宅間善之,http://twitter.com/takuma_vib
インディーズ,未完成VS新世界,澤田健太郎,http://twitter.com/mikansei_sawada
インディーズ,未完成VS新世界,安田強太,http://twitter.com/mikansei_yasuda
インディーズ,mudy on the 昨晩,桐山良太,http://twitter.com/krym220
インディーズ,mudy on the 昨晩,フルサワヒロカズ,http://twitter.com/pippikidesu
インディーズ,,柳田久美子,http://twitter.com/YaNaKoooo
インディーズ,"your gold, my pink",垣守雅善,http://twitter.com/KAKi_ygmp
インディーズ,YOUR SONG IS GOOD,YOUR SONG IS GOOD,http://twitter.com/YSIG
インディーズ,YOUR SONG IS GOOD,"サイトウ ""JxJx"" ジュン",http://twitter.com/JxJxYSIG
インディーズ,YOUR SONG IS GOOD,"シライシ ""シライシ"" コウジ",http://twitter.com/jicho_YSIG
インディーズ,YOUR SONG IS GOOD,"ヨシザワ ""モ～リス"" マサトモ",http://twitter.com/maurice_ysig
インディーズ,ラピッドラビット,淺石 匡,http://twitter.com/plus9haven
インディーズ,ラピッドラビット,沢田和典,http://twitter.com/sawadad_cafe
インディーズ,ラピッドラビット,小野淑彦,http://twitter.com/0n0y0n0
インディーズ,ラピッドラビット,橋詰聡,http://twitter.com/zume3drums
インディーズ,Riddim Saunter,田中 啓史,http://twitter.com/kcsaunter
インディーズ,Riddim Saunter,TAICHI FURUKAWA,http://twitter.com/taichifurukawa
インディーズ,√thumm,√thumm,http://twitter.com/rootthumm_NARA
インディーズ,√thumm,lio,http://twitter.com/rootthumm_lio
インディーズ,√thumm,シマイナオヤ,http://twitter.com/rootthumm_jappy
インディーズ,√thumm,蘭華,http://twitter.com/ranka77
インディーズ,,レイ・ハラカミ,http://twitter.com/Oponch_kun
インディーズ,LOST IN TIME,大岡源一郎,http://twitter.com/gennozidotcom
インディーズ,LOST IN TIME,海北大輔,http://twitter.com/kaihoku_lit
インディーズ,LOSTAGE,岩城智和,http://twitter.com/LOSTAGE_0
インディーズ,LOSTAGE,五味岳久,http://twitter.com/LOSTAGE
インディーズ,LOSTAGE,五味拓人,http://twitter.com/LOSTAGE_2
インディーズ,,日比谷カタン,http://twitter.com/katanhiviya
インディーズ,ワッツーシゾンビ,ワッツーシゾンビ,http://twitter.com/watusizombie
インディーズ,ワッツーシゾンビ,安里アンリ,http://twitter.com/YasuzatoAnri
インディーズ,ワッツーシゾンビ,谷村じゅげむ,http://twitter.com/tanimurajugem
音楽レーベル,EMIミュージック・ジャパン,EMIミュージック・ジャパン,http://twitter.com/EMI_JP_DOM
音楽レーベル,EMIミュージック・ジャパン,EMI50th,http://twitter.com/EMI_50th
音楽レーベル,,OORONG RECORDS,http://twitter.com/OORONGRECORDS
音楽レーベル,,エイベックス・エンタテインメント大阪,http://twitter.com/avex_osaka
音楽レーベル,,カクバリズム,http://twitter.com/kakubarhythm
音楽レーベル,,GARURU RECORDS,http://twitter.com/GARURU_RECORDS
音楽レーベル,,Ki/oon Staff,http://twitter.com/Kioon_ch
音楽レーベル,,commmons,http://twitter.com/commmons
音楽レーベル,,Sony Music Artists,http://twitter.com/sma_now
音楽レーベル,,ソニー・ミュージックレコーズ,http://twitter.com/SMR_info
音楽レーベル,,テイチクエンタテインメント,http://twitter.com/TeichikuMusic
音楽レーベル,,Defrock Records,http://twitter.com/Defrockrecords
音楽レーベル,,TOYS FACTORY,http://twitter.com/toysfactory
音楽レーベル,,NAYUTAWAVE RECORDS,http://twitter.com/NAYUTAWAVE
音楽レーベル,,日本クラウン,http://twitter.com/crownrecord
音楽レーベル,,HIP LAND MUSIC,http://twitter.com/hiplandmusic
音楽レーベル,,ビクターエンタテインメント,http://twitter.com/VictorMusic
音楽レーベル,,フェイス ミュージックエンタテインメント,http://twitter.com/FAITH_official
音楽レーベル,,フォーライフミュージック,http://twitter.com/forlifemusic
音楽レーベル,,FlyingStar Records,http://twitter.com/FS_victor
音楽レーベル,,ポニーキャニオン,http://twitter.com/ponycanyon
音楽レーベル,,ユニバーサルインターナショナル,http://twitter.com/UNIVERSAL_INTER
音楽レーベル,,UNIVERSAL SIGMA,http://twitter.com/UNIVERSALSIGMA
音楽レーベル,,UNIVERSAL J,http://twitter.com/UNIVERSAL_J
音楽レーベル,ワーナーミュージック・ジャパン,ワーナーミュージック・ジャパン,http://twitter.com/warnermusic_jp
音楽レーベル,ワーナーミュージック・ジャパン,unBORDE,http://twitter.com/unborde
音楽レーベル,ワーナーミュージック・ジャパン,洋楽,http://twitter.com/wmj_intl
スタッフ、ニュース配信・ブログフィード,,Aqua Timez,http://twitter.com/AquaTimezStaff
スタッフ、ニュース配信・ブログフィード,,access,http://twitter.com/access_official
スタッフ、ニュース配信・ブログフィード,,アシガルユース,http://twitter.com/ashigaruyouth
スタッフ、ニュース配信・ブログフィード,,アップフロント関西,http://twitter.com/UFKstaff
スタッフ、ニュース配信・ブログフィード,,阿部芙蓉美,http://twitter.com/usarinrinrin
スタッフ、ニュース配信・ブログフィード,,ARABAKI ROCK FEST.,http://twitter.com/ARABAKIROCKFEST
スタッフ、ニュース配信・ブログフィード,,アンダーグラフ（スタッフ）,http://twitter.com/staff_ug
スタッフ、ニュース配信・ブログフィード,,安藤裕子,http://twitter.com/YukoAndoManager
スタッフ、ニュース配信・ブログフィード,,EMI ROCKS,http://twitter.com/emirocks0219
スタッフ、ニュース配信・ブログフィード,,ET-KING,http://twitter.com/ET_KING_STAFF
スタッフ、ニュース配信・ブログフィード,,イナズマロックフェス,http://twitter.com/irf_official
スタッフ、ニュース配信・ブログフィード,,WEAVER,http://twitter.com/WEAVER_STAFF
スタッフ、ニュース配信・ブログフィード,,WESS,http://twitter.com/WESS_info
スタッフ、ニュース配信・ブログフィード,,宇多田ヒカル,http://twitter.com/hikki_staff
スタッフ、ニュース配信・ブログフィード,,a-nation,http://twitter.com/anation_navi
スタッフ、ニュース配信・ブログフィード,,S.R.S,http://twitter.com/srs_hitsuji
スタッフ、ニュース配信・ブログフィード,,ap bank fes,http://twitter.com/apbankfes
スタッフ、ニュース配信・ブログフィード,,F-X,https://twitter.com/beafx
スタッフ、ニュース配信・ブログフィード,,及川光博,http://twitter.com/mitchy_now
スタッフ、ニュース配信・ブログフィード,,大阪ウドー音楽事務所,http://twitter.com/osaka_udo
スタッフ、ニュース配信・ブログフィード,,オーサカ=モノレール,http://twitter.com/OsakaMonaurail
スタッフ、ニュース配信・ブログフィード,,岡村靖幸,http://twitter.com/yasuyuki_info
スタッフ、ニュース配信・ブログフィード,,奥田民生,http://twitter.com/OT_staff
スタッフ、ニュース配信・ブログフィード,,長田進,http://twitter.com/osadasusumu
スタッフ、ニュース配信・ブログフィード,,小谷美紗子,http://twitter.com/odani_staff
スタッフ、ニュース配信・ブログフィード,,おとぎ話,http://twitter.com/otgbanashi
スタッフ、ニュース配信・ブログフィード,,OTODAMA13 ～音泉魂～,http://twitter.com/OTODAMA13
スタッフ、ニュース配信・ブログフィード,,オフィスオーガスタ,http://twitter.com/officeaugusta
スタッフ、ニュース配信・ブログフィード,オフィスオーガスタ,AugustaCamp2012,http://twitter.com/AugustaCamp2012
スタッフ、ニュース配信・ブログフィード,オレスカバンド,オレスカバンド,http://twitter.com/ORESKACOLOR
スタッフ、ニュース配信・ブログフィード,オレスカバンド,オレスカバンド マネージャー,http://twitter.com/ORESKA_Mgr
スタッフ、ニュース配信・ブログフィード,,音楽と髭達,http://twitter.com/higetachi
スタッフ、ニュース配信・ブログフィード,,COMIN KOBE,http://twitter.com/comingkobe
スタッフ、ニュース配信・ブログフィード,,亀田誠治,http://twitter.com/makotoya_Coltd
スタッフ、ニュース配信・ブログフィード,,カラーボトル,http://twitter.com/COLORBOTTLE_MG
スタッフ、ニュース配信・ブログフィード,,川上つよしと彼のムードメイカーズ,http://twitter.com/moodmakers_jpn
スタッフ、ニュース配信・ブログフィード,,GARLICBOYS,http://twitter.com/xxgarlicboysxx
スタッフ、ニュース配信・ブログフィード,,Galileo Galilei,http://twitter.com/galileo_news
スタッフ、ニュース配信・ブログフィード,,CANDY PROMOTION,http://twitter.com/CANDYPROMOTION
スタッフ、ニュース配信・ブログフィード,,京都音楽博覧会,http://twitter.com/kyotoonpaku
スタッフ、ニュース配信・ブログフィード,,京都大作戦,http://twitter.com/mi_kyoto
スタッフ、ニュース配信・ブログフィード,,アップフロントきくかわ（スタッフ）,http://twitter.com/kikukawapro
スタッフ、ニュース配信・ブログフィード,,キリンジ,http://twitter.com/ColumbiaKirinji
スタッフ、ニュース配信・ブログフィード,,Creativeman,http://twitter.com/CMP_official
スタッフ、ニュース配信・ブログフィード,,GREENS,http://twitter.com/GREENS_staff
スタッフ、ニュース配信・ブログフィード,,GREENROOMFESTIVAL,http://twitter.com/GreenroomFes
スタッフ、ニュース配信・ブログフィード,,GLAY,http://twitter.com/glay_official
スタッフ、ニュース配信・ブログフィード,,GRAPEVINE,http://twitter.com/news_grapevine
スタッフ、ニュース配信・ブログフィード,,黒猫チェルシー,http://twitter.com/kuronekochelsea
スタッフ、ニュース配信・ブログフィード,,GUNMA ROCK FESTIVAL,http://twitter.com/gfes_jp
スタッフ、ニュース配信・ブログフィード,,KESEN ROCK FES,http://twitter.com/KESEN_ROCK_FES
スタッフ、ニュース配信・ブログフィード,,小泉今日子,http://twitter.com/KOIZUMI_STAFF
スタッフ、ニュース配信・ブログフィード,,小山田圭吾（コーネリアス）,http://twitter.com/corneliusjapan
スタッフ、ニュース配信・ブログフィード,,斉藤和義,http://twitter.com/saitokazuyoshi
スタッフ、ニュース配信・ブログフィード,,SURFACE,http://twitter.com/SURFACEmanager
スタッフ、ニュース配信・ブログフィード,,サウンドクリエーター,http://twitter.com/SCweb_info
スタッフ、ニュース配信・ブログフィード,,SAKAE SP-RING,http://twitter.com/SAKAE_SPRING
スタッフ、ニュース配信・ブログフィード,,サクラメリーメン,http://twitter.com/sakumeri_staff
スタッフ、ニュース配信・ブログフィード,,サザンオールスターズ公式HP,http://twitter.com/sasfannet
スタッフ、ニュース配信・ブログフィード,,佐野元春オフィシャルファンサイト,http://twitter.com/MotoWebServer
スタッフ、ニュース配信・ブログフィード,SUMMER SONIC,SUMMER SONIC,http://twitter.com/summer_sonic
スタッフ、ニュース配信・ブログフィード,SUMMER SONIC,SUMMER SONIC OSAKA,http://twitter.com/SummerSonic_Osk
スタッフ、ニュース配信・ブログフィード,,The SALOVERS,http://twitter.com/TheSALOVERSinfo
スタッフ、ニュース配信・ブログフィード,,清水音泉,http://twitter.com/shimizuonsen
スタッフ、ニュース配信・ブログフィード,,SHAKALABBITS,http://twitter.com/ShakaOfficial
スタッフ、ニュース配信・ブログフィード,,Sunset Live,http://twitter.com/sunsetliveinfo
スタッフ、ニュース配信・ブログフィード,,J-WAVE LIVE,http://twitter.com/jwavelive2000
スタッフ、ニュース配信・ブログフィード,,JOIN ALIVE,http://twitter.com/JOIN_ALIVE
スタッフ、ニュース配信・ブログフィード,,情熱大陸LIVE,http://twitter.com/jounetsu_live
スタッフ、ニュース配信・ブログフィード,,serial TV drama,http://twitter.com/serial_TV_drama
スタッフ、ニュース配信・ブログフィード,,シングライクトーキング,http://twitter.com/singlikestaff
スタッフ、ニュース配信・ブログフィード,,SWEET LOVE SHOWER,http://twitter.com/sls_sstv
スタッフ、ニュース配信・ブログフィード,,SWEET LOVE SHOWER 2012 SPRING,http://twitter.com/sls2012spring
スタッフ、ニュース配信・ブログフィード,,SUPER BEAVER,http://twitter.com/super_beaver
スタッフ、ニュース配信・ブログフィード,,Superfly,http://twitter.com/Superfly_staff
スタッフ、ニュース配信・ブログフィード,,Scoobie Do,http://twitter.com/SCOOBIE_DO
スタッフ、ニュース配信・ブログフィード,,school food punishment,http://twitter.com/sfp_staff
スタッフ、ニュース配信・ブログフィード,,SPANK PAGE,http://twitter.com/SPANKPAGE
スタッフ、ニュース配信・ブログフィード,,SPECIAL OTHERS,http://twitter.com/SPE_INFO
スタッフ、ニュース配信・ブログフィード,,スムルース,http://twitter.com/thminfo
スタッフ、ニュース配信・ブログフィード,,星羅,http://twitter.com/seira_official
スタッフ、ニュース配信・ブログフィード,,セカイイチ,http://twitter.com/sekaiichi_twit
スタッフ、ニュース配信・ブログフィード,,SEKAI NO OWARI,http://twitter.com/fromsekaowa
スタッフ、ニュース配信・ブログフィード,,SETSTOCK,http://twitter.com/SETSTOCK_JP
スタッフ、ニュース配信・ブログフィード,,Sotte Bosse,http://twitter.com/SotteBosse_Staf
スタッフ、ニュース配信・ブログフィード,,タイスケ,http://twitter.com/TAISUKEco
スタッフ、ニュース配信・ブログフィード,,高橋優,http://twitter.com/takahashiyu_mgr
スタッフ、ニュース配信・ブログフィード,,竹内電気,http://twitter.com/PLAYtakeden
スタッフ、ニュース配信・ブログフィード,,Chara,http://twitter.com/Chara_STAFF
スタッフ、ニュース配信・ブログフィード,,つくばロックフェス,http://twitter.com/gfbfes
スタッフ、ニュース配信・ブログフィード,,つじあやの,http://twitter.com/tsujiayanostaff
スタッフ、ニュース配信・ブログフィード,,鶴,http://twitter.com/afrocktsuru
スタッフ、ニュース配信・ブログフィード,,ティーナ・カリーナ（マネージャー）,http://twitter.com/Tiina_KariinaMG
スタッフ、ニュース配信・ブログフィード,,ディスクガレージ,http://twitter.com/diskgarage_web
スタッフ、ニュース配信・ブログフィード,,DUKE,http://twitter.com/DUKE_info
スタッフ、ニュース配信・ブログフィード,,TOKAI SUMMIT,http://twitter.com/tokaisummit12
スタッフ、ニュース配信・ブログフィード,,TOKYO SKA JAMBOREE,http://twitter.com/tokyoskaj
スタッフ、ニュース配信・ブログフィード,,TOKYO METROPOLITAN ROCK FESTIVAL,http://twitter.com/METROCK_pr
スタッフ、ニュース配信・ブログフィード,,TREASURE05X,http://twitter.com/tre05x_official
スタッフ、ニュース配信・ブログフィード,,怒髪天,http://twitter.com/dohatsuten_crew
スタッフ、ニュース配信・ブログフィード,,D.W.ニコルズ,http://twitter.com/dw_nicols
スタッフ、ニュース配信・ブログフィード,,Do As Infinity,https://twitter.com/DoAsInfinity929
スタッフ、ニュース配信・ブログフィード,,Dragon Ash,http://twitter.com/Dragon_Ash
スタッフ、ニュース配信・ブログフィード,,中島みゆき,http://twitter.com/miyuki_staff
スタッフ、ニュース配信・ブログフィード,,Nothings Carved In Stone,http://twitter.com/NCIS_BANDS
スタッフ、ニュース配信・ブログフィード,,NICO Touches the Walls,http://twitter.com/N_T_t_W
スタッフ、ニュース配信・ブログフィード,,ねごと,http://twitter.com/negoto69
スタッフ、ニュース配信・ブログフィード,,ノラ・ジョーンズ,http://twitter.com/emi_norahjones
スタッフ、ニュース配信・ブログフィード,,HIGHER GROUND 2012,http://twitter.com/hg2012final
スタッフ、ニュース配信・ブログフィード,,畠山美由紀,http://twitter.com/miyuquinha
スタッフ、ニュース配信・ブログフィード,,浜崎あゆみ,http://twitter.com/hamasakiayumi
スタッフ、ニュース配信・ブログフィード,,ハロー！プロジェクト,http://twitter.com/HelloProject
スタッフ、ニュース配信・ブログフィード,,PUFFY,http://twitter.com/PUFFY
スタッフ、ニュース配信・ブログフィード,,PUNKSPRING,http://twitter.com/punkspring
スタッフ、ニュース配信・ブログフィード,,東田トモヒロ,http://twitter.com/higashida_staff
スタッフ、ニュース配信・ブログフィード,,→ Pia-no-jaC ←,http://twitter.com/pjstaff
スタッフ、ニュース配信・ブログフィード,,the pillows,http://twitter.com/thepillowsJPN
スタッフ、ニュース配信・ブログフィード,,VINTAGE ROCK,http://twitter.com/vintagerockinfo
スタッフ、ニュース配信・ブログフィード,フジファブリック,フジファブリック,http://twitter.com/Fujifabric_info
スタッフ、ニュース配信・ブログフィード,フジファブリック,EMI スタッフ,http://twitter.com/Fujifabric_EMI
スタッフ、ニュース配信・ブログフィード,,FUJI ROCK FESTIVAL,http://twitter.com/fujirock_jp
スタッフ、ニュース配信・ブログフィード,,THE PREDATORS,http://twitter.com/THEPREDATORSJPN
スタッフ、ニュース配信・ブログフィード,,THE BOOM,http://twitter.com/boom_info
スタッフ、ニュース配信・ブログフィード,,BRAHMAN/EGO-WRAPPIN',http://twitter.com/BRAH_EGO
スタッフ、ニュース配信・ブログフィード,,Freedom 2012 in 淡路島,https://twitter.com/freedom_awaji
スタッフ、ニュース配信・ブログフィード,,THE BLUE HEARTS,http://twitter.com/tbh25th
スタッフ、ニュース配信・ブログフィード,,Pay money To my Pain,http://twitter.com/ptp_official
スタッフ、ニュース配信・ブログフィード,,PERIDOTS,http://twitter.com/peridots_info
スタッフ、ニュース配信・ブログフィード,,HOT STUFF PROMOTION,http://twitter.com/hotstuff_pr_web
スタッフ、ニュース配信・ブログフィード,,BONNIE PINK,http://twitter.com/BONNIE_official
スタッフ、ニュース配信・ブログフィード,,bonobos,http://twitter.com/bonobosofficial
スタッフ、ニュース配信・ブログフィード,,My Little Lover,http://twitter.com/mllofficial
スタッフ、ニュース配信・ブログフィード,,マネティ（真野恵里菜マネージャー）,http://twitter.com/manetty0517
スタッフ、ニュース配信・ブログフィード,,マウントアライブ,http://twitter.com/MountAlive
スタッフ、ニュース配信・ブログフィード,,mihimaru GT,http://twitter.com/mihimaruGTW
スタッフ、ニュース配信・ブログフィード,,MINAMI WHEEL,http://twitter.com/minamiwheel
スタッフ、ニュース配信・ブログフィード,,MusicLoversLive,http://twitter.com/MusicLoversLive
スタッフ、ニュース配信・ブログフィード,,メレンゲ,http://twitter.com/merengue_feed
スタッフ、ニュース配信・ブログフィード,,最上ロックフェス,http://twitter.com/blueskyagogo
スタッフ、ニュース配信・ブログフィード,,monobright,http://twitter.com/monobright_mo
スタッフ、ニュース配信・ブログフィード,,MONSTERbaSH,http://twitter.com/MONSTERbaSH2012
スタッフ、ニュース配信・ブログフィード,,矢沢永吉,http://twitter.com/yazawas_door
スタッフ、ニュース配信・ブログフィード,,UNISON SQUARE GARDEN,http://twitter.com/USGinfo
スタッフ、ニュース配信・ブログフィード,,夢番地,http://twitter.com/YUMEBANCHI_JP
スタッフ、ニュース配信・ブログフィード,,RISING SUN ROCK FESTIVAL in EZO,http://twitter.com/rsrfes_official
スタッフ、ニュース配信・ブログフィード,RIZE,RIZE,http://twitter.com/RIZE_official
スタッフ、ニュース配信・ブログフィード,RIZE,金子ノブアキ,http://twitter.com/KanekoNobuaki
スタッフ、ニュース配信・ブログフィード,,LOUD PARK,http://twitter.com/loud_park
スタッフ、ニュース配信・ブログフィード,,RUSH BALL,http://twitter.com/RUSH_BALL
スタッフ、ニュース配信・ブログフィード,,LUNKHEAD,https://twitter.com/LUNKHEAD_offici
スタッフ、ニュース配信・ブログフィード,,Lily Chou-Chou,http://twitter.com/LilyChouChou_/
スタッフ、ニュース配信・ブログフィード,,凛として時雨,http://twitter.com/sigure_official
スタッフ、ニュース配信・ブログフィード,,ザ・ルースターズ,http://twitter.com/TheRoosters_JP
スタッフ、ニュース配信・ブログフィード,,LUNA SEA,http://twitter.com/LUNASEAOFFICIAL
スタッフ、ニュース配信・ブログフィード,,LOW IQ 01,http://twitter.com/LOWIQ01_staff
スタッフ、ニュース配信・ブログフィード,,株式会社ロッキング･オン,http://twitter.com/rockinon_fes
スタッフ、ニュース配信・ブログフィード,,Rock on the Rock ,http://twitter.com/RockontheRock
スタッフ、ニュース配信・ブログフィード,,ロックの学園,http://twitter.com/rocknogakuen
スタッフ、ニュース配信・ブログフィード,,ROKKO SUN MUSIC,http://twitter.com/ROKKO_SUN_MUSIC
スタッフ、ニュース配信・ブログフィード,,ロックロックこんにちは！,http://twitter.com/RRkonnichiwa
スタッフ、ニュース配信・ブログフィード,,WILD BUNCH FEST.,http://twitter.com/WildBunchFest
スタッフ、ニュース配信・ブログフィード,,渡辺美里,http://twitter.com/misato25_staff
スタッフ、ニュース配信・ブログフィード,,ONE OK ROCK,http://twitter.com/oneokrock_japan
スタッフ、ニュース配信・ブログフィード,,東方神起チーム,http://twitter.com/TOHOSHINKISTAFF